[
  {
    "model": "courses.category",
    "pk": 1,
    "fields": {
      "category_title": "Art n Design",
      "slug": "art-n-design"
    }
  },
  {
    "model": "courses.category",
    "pk": 2,
    "fields": {
      "category_title": "Music",
      "slug": "music"
    }
  },
  {
    "model": "courses.category",
    "pk": 3,
    "fields": {
      "category_title": "Photography",
      "slug": "photography"
    }
  },
  {
    "model": "courses.category",
    "pk": 4,
    "fields": {
      "category_title": "Development",
      "slug": "development"
    }
  },
  {
    "model": "courses.category",
    "pk": 5,
    "fields": {
      "category_title": "Self Development",
      "slug": "self-development"
    }
  },
  {
    "model": "courses.category",
    "pk": 6,
    "fields": {
      "category_title": "Marketing",
      "slug": "marketing"
    }
  },
  {
    "model": "courses.category",
    "pk": 7,
    "fields": {
      "category_title": "IT and Software",
      "slug": "it-and-software"
    }
  },
  {
    "model": "courses.course",
    "pk": 1,
    "fields": {
      "instructor": 2,
      "category": 2,
      "language": "en",
      "title": "Piano Improvisation - Fundamentals for Creating Music on the Spot",
      "slug": "piano-improvisation-fundamentals-for-creating-music-on-the-spot",
      "thumbnail_image": "course_thumbnails/piano-improvisation-fundamentals-for-creating-music-on-the-spot.jpg",
      "price": 19,
      "about_the_course": "<p>Have&nbsp;you&nbsp;ever&nbsp;wanted&nbsp;to&nbsp;be&nbsp;able&nbsp;to play&nbsp;<em><strong>anything </strong></em>on your piano on <em><strong>demand</strong></em>? Ever seen images by the greats and wonder how they manage to create incredible images off the top of their heads?</p>\r\n\r\n<p style=\"text-align:justify\">This course is designed to get you playing along and to give you a head start in your landscape painting journey regardless of what software you use.</p>\r\n\r\n<p style=\"text-align:justify\"><strong>No&nbsp;music theory&nbsp;required!</strong></p>\r\n\r\n<p style=\"text-align:justify\">All you need is basic drawing skill and some inspiration. In this course, you&#39;ll overcome many of the fears and questions you&#39;ve had surrounding the art of landscape painting and we&#39;ll tackle a variety of ways you can get better including:</p>\r\n\r\n<ul>\r\n\t<li style=\"text-align:justify\">Brushes to use</li>\r\n\t<li style=\"text-align:justify\">How to master composition</li>\r\n\t<li style=\"text-align:justify\">How to make your artwork look natural</li>\r\n\t<li style=\"text-align:justify\">How to use leading lines to make your painting more interesting and dynamic</li>\r\n\t<li style=\"text-align:justify\">Much&nbsp;more!!</li>\r\n</ul>\r\n\r\n<p style=\"text-align:justify\">This&nbsp;course&nbsp;is&nbsp;loosely&nbsp;based&nbsp;on landscape painting, a little bit of seascape painting on the way, but the concepts apply to painting universally. No matter what you want to be able to paint, this is a great place to start!</p>",
      "date_created": "2021-11-04T07:09:48.640Z",
      "status": "published",
      "students": [2, 5, 14]
    }
  },
  {
    "model": "courses.course",
    "pk": 2,
    "fields": {
      "instructor": 10,
      "category": 4,
      "language": "en",
      "title": "Try Django: Learn and Master the Web Framework",
      "slug": "try-django-learn-and-master-the-web-framework",
      "thumbnail_image": "course_thumbnails/try-django-learn-and-master-the-web-framework.jpg",
      "price": 23,
      "about_the_course": "<p style=\"text-align:justify\">What is Django?</p>\r\n\r\n<p style=\"text-align:justify\">Django is a free, open source, high-end framework written in the famously simple, flexible, and relatively easy-to-learn Python programming language.</p>\r\n\r\n<p style=\"text-align:justify\">Django is a high-level Python web framework that enables rapid development of secure and maintainable websites. This website you are reading this on is developed with Django.</p>\r\n\r\n<p style=\"text-align:justify\"><strong>No&nbsp;computer science theory&nbsp;knowledge required!</strong></p>\r\n\r\n<p style=\"text-align:justify\">All you need is basic drawing skill and some inspiration. In this course, you&#39;ll overcome many of the fears and questions you&#39;ve had surrounding the art of landscape painting and we&#39;ll tackle a variety of ways you can get better including:</p>\r\n\r\n<ul>\r\n\t<li style=\"text-align:justify\">Brushes to use</li>\r\n\t<li style=\"text-align:justify\">How to master composition</li>\r\n\t<li style=\"text-align:justify\">How to make your artwork look natural</li>\r\n\t<li style=\"text-align:justify\">How to use leading lines to make your painting more interesting and dynamic</li>\r\n\t<li style=\"text-align:justify\">Much&nbsp;more!!</li>\r\n</ul>\r\n\r\n<p style=\"text-align:justify\">This&nbsp;course&nbsp;is&nbsp;loosely&nbsp;based&nbsp;on landscape painting, a little bit of seascape painting on the way, but the concepts apply to painting universally. No matter what you want to be able to paint, this is a great place to start!</p>",
      "date_created": "2021-11-04T07:23:43.710Z",
      "status": "draft",
      "students": [1, 2]
    }
  },
  {
    "model": "courses.course",
    "pk": 3,
    "fields": {
      "instructor": 4,
      "category": 3,
      "language": "en",
      "title": "Architecture Photography - How to Photograph Any Building",
      "slug": "architecture-photography-how-to-photograph-any-building",
      "thumbnail_image": "course_thumbnails/architecture-photography-how-to-photograph-any-building_vBxFKpR.jpg",
      "price": 18,
      "about_the_course": "<p style=\"text-align:justify\">Have&nbsp;you&nbsp;ever&nbsp;wanted&nbsp;to&nbsp;be&nbsp;able&nbsp;to paint <em><strong>anything </strong></em>on your computer on <em><strong>demand</strong></em>? Ever seen images by the greats and wonder how they manage to create incredible images off the top of their heads?</p>\r\n\r\n<p style=\"text-align:justify\">This course is designed to get you playing along and to give you a head start in your landscape painting journey regardless of what software you use.</p>\r\n\r\n<p style=\"text-align:justify\"><strong>No&nbsp;art theory&nbsp;required!</strong></p>\r\n\r\n<p style=\"text-align:justify\">All you need is basic drawing skill and some inspiration. In this course, you&#39;ll overcome many of the fears and questions you&#39;ve had surrounding the art of landscape painting and we&#39;ll tackle a variety of ways you can get better including:</p>\r\n\r\n<ul>\r\n\t<li style=\"text-align:justify\">Brushes to use</li>\r\n\t<li style=\"text-align:justify\">How to master composition</li>\r\n\t<li style=\"text-align:justify\">How to make your artwork look natural</li>\r\n\t<li style=\"text-align:justify\">How to use leading lines to make your painting more interesting and dynamic</li>\r\n\t<li style=\"text-align:justify\">Much&nbsp;more!!</li>\r\n</ul>\r\n\r\n<p style=\"text-align:justify\">This&nbsp;course&nbsp;is&nbsp;loosely&nbsp;based&nbsp;on landscape painting, a little bit of seascape painting on the way, but the concepts apply to painting universally. No matter what you want to be able to paint, this is a great place to start!</p>",
      "date_created": "2021-11-04T07:30:15.547Z",
      "status": "published",
      "students": [20]
    }
  },
  {
    "model": "courses.course",
    "pk": 4,
    "fields": {
      "instructor": 9,
      "category": 4,
      "language": "en",
      "title": "Advanced Django (Python)",
      "slug": "advanced-django-python",
      "thumbnail_image": "course_thumbnails/advanced-django-python_zSfh6Z8.jpg",
      "price": 12,
      "about_the_course": "<p style=\"text-align:justify\">Have&nbsp;you&nbsp;ever&nbsp;wanted&nbsp;to&nbsp;be&nbsp;able&nbsp;to paint <em><strong>anything </strong></em>on your computer on <em><strong>demand</strong></em>? Ever seen images by the greats and wonder how they manage to create incredible images off the top of their heads?</p>\r\n\r\n<p style=\"text-align:justify\">This course is designed to get you playing along and to give you a head start in your landscape painting journey regardless of what software you use.</p>\r\n\r\n<p style=\"text-align:justify\"><strong>No&nbsp;art theory&nbsp;required!</strong></p>\r\n\r\n<p style=\"text-align:justify\">All you need is basic drawing skill and some inspiration. In this course, you&#39;ll overcome many of the fears and questions you&#39;ve had surrounding the art of landscape painting and we&#39;ll tackle a variety of ways you can get better including:</p>\r\n\r\n<ul>\r\n\t<li style=\"text-align:justify\">Brushes to use</li>\r\n\t<li style=\"text-align:justify\">How to master composition</li>\r\n\t<li style=\"text-align:justify\">How to make your artwork look natural</li>\r\n\t<li style=\"text-align:justify\">How to use leading lines to make your painting more interesting and dynamic</li>\r\n\t<li style=\"text-align:justify\">Much&nbsp;more!!</li>\r\n</ul>\r\n\r\n<p style=\"text-align:justify\">This&nbsp;course&nbsp;is&nbsp;loosely&nbsp;based&nbsp;on landscape painting, a little bit of seascape painting on the way, but the concepts apply to painting universally. No matter what you want to be able to paint, this is a great place to start!</p>",
      "date_created": "2021-11-04T07:37:58.537Z",
      "status": "published",
      "students": [1]
    }
  },
  {
    "model": "courses.course",
    "pk": 5,
    "fields": {
      "instructor": 16,
      "category": 1,
      "language": "en",
      "title": "Paint Beautiful Landscapes with Photoshop",
      "slug": "paint-beautiful-landscapes-with-photoshop",
      "thumbnail_image": "course_thumbnails/paint-beautiful-landscapes-with-photoshop_KZo7pH3.jpg",
      "price": 19,
      "about_the_course": "<p style=\"text-align:justify\">Have&nbsp;you&nbsp;ever&nbsp;wanted&nbsp;to&nbsp;be&nbsp;able&nbsp;to paint <em><strong>anything </strong></em>on your computer on <em><strong>demand</strong></em>? Ever seen images by the greats and wonder how they manage to create incredible images off the top of their heads?</p>\r\n\r\n<p style=\"text-align:justify\">This course is designed to get you playing along and to give you a head start in your landscape painting journey regardless of what software you use.</p>\r\n\r\n<p><strong>No&nbsp;art theory&nbsp;required!</strong></p>\r\n\r\n<p style=\"text-align:justify\">All you need is basic drawing skill and some inspiration. In this course, you&#39;ll overcome many of the fears and questions you&#39;ve had surrounding the art of landscape painting and we&#39;ll tackle a variety of ways you can get better including:</p>\r\n\r\n<ul>\r\n\t<li>Brushes to use</li>\r\n\t<li>How to master composition</li>\r\n\t<li>How to make your artwork look natural</li>\r\n\t<li>How to use leading lines to make your painting more interesting and dynamic</li>\r\n\t<li>Much&nbsp;more!!</li>\r\n</ul>\r\n\r\n<p style=\"text-align:justify\">This&nbsp;course&nbsp;is&nbsp;loosely&nbsp;based&nbsp;on landscape painting, a little bit of seascape painting on the way, but the concepts apply to painting universally. No matter what you want to be able to paint, this is a great place to start!</p>",
      "date_created": "2021-11-04T07:45:14.797Z",
      "status": "published",
      "students": [1, 2, 19, 22]
    }
  },
  {
    "model": "courses.course",
    "pk": 6,
    "fields": {
      "instructor": 17,
      "category": 5,
      "language": "en",
      "title": "Find Your Style: Five Exercises to Unlock Your Creative Identity",
      "slug": "find-your-style-five-exercises-to-unlock-your-creative-identity",
      "thumbnail_image": "course_thumbnails/find-your-style-five-exercises-to-unlock-your-creative-identity_P3NMlU3.jpg",
      "price": 16,
      "about_the_course": "<p>Have&nbsp;you&nbsp;ever&nbsp;wanted&nbsp;to&nbsp;be&nbsp;able&nbsp;to paint <em><strong>anything </strong></em>on your computer on <em><strong>demand</strong></em>? Ever seen images by the greats and wonder how they manage to create incredible images off the top of their heads?</p>\r\n\r\n<p>This course is designed to get you playing along and to give you a head start in your landscape painting journey regardless of what software you use.</p>\r\n\r\n<p><strong>No&nbsp;art theory&nbsp;required!</strong></p>\r\n\r\n<p>All you need is basic drawing skill and some inspiration. In this course, you&#39;ll overcome many of the fears and questions you&#39;ve had surrounding the art of landscape painting and we&#39;ll tackle a variety of ways you can get better including:</p>\r\n\r\n<ul>\r\n\t<li>Brushes to use</li>\r\n\t<li>How to master composition</li>\r\n\t<li>How to make your artwork look natural</li>\r\n\t<li>How to use leading lines to make your painting more interesting and dynamic</li>\r\n\t<li>Much&nbsp;more!!</li>\r\n</ul>\r\n\r\n<p>This&nbsp;course&nbsp;is&nbsp;loosely&nbsp;based&nbsp;on landscape painting, a little bit of seascape painting on the way, but the concepts apply to painting universally. No matter what you want to be able to paint, this is a great place to start!</p>",
      "date_created": "2021-11-04T07:50:48.647Z",
      "status": "published",
      "students": [1, 2]
    }
  },
  {
    "model": "courses.course",
    "pk": 7,
    "fields": {
      "instructor": 8,
      "category": 6,
      "language": "en",
      "title": "How to Name Brands, Products, and Services",
      "slug": "how-to-name-brands-products-and-services",
      "thumbnail_image": "course_thumbnails/how-to-name-brands-products-and-services_aS3l8h1.jpg",
      "price": 0,
      "about_the_course": "<p>Have&nbsp;you&nbsp;ever&nbsp;wanted&nbsp;to&nbsp;be&nbsp;able&nbsp;to paint <em><strong>anything </strong></em>on your computer on <em><strong>demand</strong></em>? Ever seen images by the greats and wonder how they manage to create incredible images off the top of their heads?</p>\r\n\r\n<p>This course is designed to get you playing along and to give you a head start in your landscape painting journey regardless of what software you use.</p>\r\n\r\n<p><strong>No&nbsp;art theory&nbsp;required!</strong></p>\r\n\r\n<p>All you need is basic drawing skill and some inspiration. In this course, you&#39;ll overcome many of the fears and questions you&#39;ve had surrounding the art of landscape painting and we&#39;ll tackle a variety of ways you can get better including:</p>\r\n\r\n<ul>\r\n\t<li>Brushes to use</li>\r\n\t<li>How to master composition</li>\r\n\t<li>How to make your artwork look natural</li>\r\n\t<li>How to use leading lines to make your painting more interesting and dynamic</li>\r\n\t<li>Much&nbsp;more!!</li>\r\n</ul>\r\n\r\n<p>This&nbsp;course&nbsp;is&nbsp;loosely&nbsp;based&nbsp;on landscape painting, a little bit of seascape painting on the way, but the concepts apply to painting universally. No matter what you want to be able to paint, this is a great place to start!</p>",
      "date_created": "2021-11-04T07:53:18.478Z",
      "status": "published",
      "students": [1, 2]
    }
  },
  {
    "model": "courses.course",
    "pk": 8,
    "fields": {
      "instructor": 15,
      "category": 5,
      "language": "en",
      "title": "Be At Peace: Embrace, Nurture and Grow Your Self",
      "slug": "be-at-peace-embrace-nurture-and-grow-your-self",
      "thumbnail_image": "course_thumbnails/be-at-peace-embrace-nurture-and-grow-your-self_m6tSbFC.jpg",
      "price": 24,
      "about_the_course": "<p style=\"text-align:justify\">Have&nbsp;you&nbsp;ever&nbsp;wanted&nbsp;to&nbsp;be&nbsp;able&nbsp;to paint <em><strong>anything </strong></em>on your computer on <em><strong>demand</strong></em>? Ever seen images by the greats and wonder how they manage to create incredible images off the top of their heads?</p>\r\n\r\n<p style=\"text-align:justify\">This course is designed to get you playing along and to give you a head start in your landscape painting journey regardless of what software you use.</p>\r\n\r\n<p style=\"text-align:justify\"><strong>No&nbsp;art theory&nbsp;required!</strong></p>\r\n\r\n<p style=\"text-align:justify\">All you need is basic drawing skill and some inspiration. In this course, you&#39;ll overcome many of the fears and questions you&#39;ve had surrounding the art of landscape painting and we&#39;ll tackle a variety of ways you can get better including:</p>\r\n\r\n<ul>\r\n\t<li style=\"text-align:justify\">Brushes to use</li>\r\n\t<li style=\"text-align:justify\">How to master composition</li>\r\n\t<li style=\"text-align:justify\">How to make your artwork look natural</li>\r\n\t<li style=\"text-align:justify\">How to use leading lines to make your painting more interesting and dynamic</li>\r\n\t<li style=\"text-align:justify\">Much&nbsp;more!!</li>\r\n</ul>\r\n\r\n<p style=\"text-align:justify\">This&nbsp;course&nbsp;is&nbsp;loosely&nbsp;based&nbsp;on landscape painting, a little bit of seascape painting on the way, but the concepts apply to painting universally. No matter what you want to be able to paint, this is a great place to start!</p>",
      "date_created": "2021-11-04T07:55:28.477Z",
      "status": "published",
      "students": [1, 2]
    }
  },
  {
    "model": "courses.course",
    "pk": 9,
    "fields": {
      "instructor": 1,
      "category": 4,
      "language": "en",
      "title": "React: The Future of Front-Ends",
      "slug": "react-the-future-of-front-ends",
      "thumbnail_image": "course_thumbnails/react-the-future-of-front-ends.jpg",
      "price": 16,
      "about_the_course": "<p style=\"text-align:justify\">Have&nbsp;you&nbsp;ever&nbsp;wanted&nbsp;to&nbsp;be&nbsp;able&nbsp;to paint <em><strong>anything </strong></em>on your computer on <em><strong>demand</strong></em>? Ever seen images by the greats and wonder how they manage to create incredible images off the top of their heads?</p>\r\n\r\n<p style=\"text-align:justify\">This course is designed to get you playing along and to give you a head start in your landscape painting journey regardless of what software you use.</p>\r\n\r\n<p style=\"text-align:justify\"><strong>No&nbsp;art theory&nbsp;required!</strong></p>\r\n\r\n<p style=\"text-align:justify\">All you need is basic drawing skill and some inspiration. In this course, you&#39;ll overcome many of the fears and questions you&#39;ve had surrounding the art of landscape painting and we&#39;ll tackle a variety of ways you can get better including:</p>\r\n\r\n<ul>\r\n\t<li style=\"text-align:justify\">Brushes to use</li>\r\n\t<li style=\"text-align:justify\">How to master composition</li>\r\n\t<li style=\"text-align:justify\">How to make your artwork look natural</li>\r\n\t<li style=\"text-align:justify\">How to use leading lines to make your painting more interesting and dynamic</li>\r\n\t<li style=\"text-align:justify\">Much&nbsp;more!!</li>\r\n</ul>\r\n\r\n<p style=\"text-align:justify\">This&nbsp;course&nbsp;is&nbsp;loosely&nbsp;based&nbsp;on landscape painting, a little bit of seascape painting on the way, but the concepts apply to painting universally. No matter what you want to be able to paint, this is a great place to start!</p>",
      "date_created": "2021-11-04T07:57:23.526Z",
      "status": "published",
      "students": [1, 2]
    }
  },
  {
    "model": "courses.course",
    "pk": 10,
    "fields": {
      "instructor": 18,
      "category": 7,
      "language": "en",
      "title": "Getting Started with the Google Cloud Platform",
      "slug": "getting-started-with-the-google-cloud-platform",
      "thumbnail_image": "course_thumbnails/getting-started-with-the-google-cloud-platform_9ifoll1.jpg",
      "price": 24,
      "about_the_course": "<p style=\"text-align:justify\">Have&nbsp;you&nbsp;ever&nbsp;wanted&nbsp;to&nbsp;be&nbsp;able&nbsp;to paint <em><strong>anything </strong></em>on your computer on <em><strong>demand</strong></em>? Ever seen images by the greats and wonder how they manage to create incredible images off the top of their heads?</p>\r\n\r\n<p style=\"text-align:justify\">This course is designed to get you playing along and to give you a head start in your landscape painting journey regardless of what software you use.</p>\r\n\r\n<p style=\"text-align:justify\"><strong>No&nbsp;art theory&nbsp;required!</strong></p>\r\n\r\n<p style=\"text-align:justify\">All you need is basic drawing skill and some inspiration. In this course, you&#39;ll overcome many of the fears and questions you&#39;ve had surrounding the art of landscape painting and we&#39;ll tackle a variety of ways you can get better including:</p>\r\n\r\n<ul>\r\n\t<li style=\"text-align:justify\">Brushes to use</li>\r\n\t<li style=\"text-align:justify\">How to master composition</li>\r\n\t<li style=\"text-align:justify\">How to make your artwork look natural</li>\r\n\t<li style=\"text-align:justify\">How to use leading lines to make your painting more interesting and dynamic</li>\r\n\t<li style=\"text-align:justify\">Much&nbsp;more!!</li>\r\n</ul>\r\n\r\n<p style=\"text-align:justify\">This&nbsp;course&nbsp;is&nbsp;loosely&nbsp;based&nbsp;on landscape painting, a little bit of seascape painting on the way, but the concepts apply to painting universally. No matter what you want to be able to paint, this is a great place to start!</p>",
      "date_created": "2021-11-04T07:59:36.203Z",
      "status": "published",
      "students": [1, 2]
    }
  },
  {
    "model": "courses.course",
    "pk": 11,
    "fields": {
      "instructor": 9,
      "category": 4,
      "language": "en",
      "title": "JavaScript: The Daddy of anything Web Development",
      "slug": "javascript-the-daddy-of-anything-web-development",
      "thumbnail_image": "course_thumbnails/javascript-the-daddy-of-anything-web-development.jpg",
      "price": 18,
      "about_the_course": "<p style=\"text-align:justify\">Have&nbsp;you&nbsp;ever&nbsp;wanted&nbsp;to&nbsp;be&nbsp;able&nbsp;to paint <em><strong>anything </strong></em>on your computer on <em><strong>demand</strong></em>? Ever seen images by the greats and wonder how they manage to create incredible images off the top of their heads?</p>\r\n\r\n<p style=\"text-align:justify\">This course is designed to get you playing along and to give you a head start in your landscape painting journey regardless of what software you use.</p>\r\n\r\n<p style=\"text-align:justify\"><strong>No&nbsp;art theory&nbsp;required!</strong></p>\r\n\r\n<p style=\"text-align:justify\">All you need is basic drawing skill and some inspiration. In this course, you&#39;ll overcome many of the fears and questions you&#39;ve had surrounding the art of landscape painting and we&#39;ll tackle a variety of ways you can get better including:</p>\r\n\r\n<ul>\r\n\t<li style=\"text-align:justify\">Brushes to use</li>\r\n\t<li style=\"text-align:justify\">How to master composition</li>\r\n\t<li style=\"text-align:justify\">How to make your artwork look natural</li>\r\n\t<li style=\"text-align:justify\">How to use leading lines to make your painting more interesting and dynamic</li>\r\n\t<li style=\"text-align:justify\">Much&nbsp;more!!</li>\r\n</ul>\r\n\r\n<p style=\"text-align:justify\">This&nbsp;course&nbsp;is&nbsp;loosely&nbsp;based&nbsp;on landscape painting, a little bit of seascape painting on the way, but the concepts apply to painting universally. No matter what you want to be able to paint, this is a great place to start!</p>",
      "date_created": "2021-11-04T08:01:18.877Z",
      "status": "published",
      "students": [1]
    }
  },
  {
    "model": "courses.course",
    "pk": 12,
    "fields": {
      "instructor": 8,
      "category": 4,
      "language": "en",
      "title": "Html, Css, JavaScript: Your Arsenal for Front - End Development",
      "slug": "html-css-javascript-your-arsenal-for-front-end-development",
      "thumbnail_image": "course_thumbnails/html-css-javascript-your-arsenal-for-front-end-development_snvG2WV.jpg",
      "price": 23,
      "about_the_course": "<p style=\"text-align:justify\">Have&nbsp;you&nbsp;ever&nbsp;wanted&nbsp;to&nbsp;be&nbsp;able&nbsp;to paint <em><strong>anything </strong></em>on your computer on <em><strong>demand</strong></em>? Ever seen images by the greats and wonder how they manage to create incredible images off the top of their heads?</p>\r\n\r\n<p style=\"text-align:justify\">This course is designed to get you playing along and to give you a head start in your landscape painting journey regardless of what software you use.</p>\r\n\r\n<p style=\"text-align:justify\"><strong>No&nbsp;art theory&nbsp;required!</strong></p>\r\n\r\n<p style=\"text-align:justify\">All you need is basic drawing skill and some inspiration. In this course, you&#39;ll overcome many of the fears and questions you&#39;ve had surrounding the art of landscape painting and we&#39;ll tackle a variety of ways you can get better including:</p>\r\n\r\n<ul>\r\n\t<li style=\"text-align:justify\">Brushes to use</li>\r\n\t<li style=\"text-align:justify\">How to master composition</li>\r\n\t<li style=\"text-align:justify\">How to make your artwork look natural</li>\r\n\t<li style=\"text-align:justify\">How to use leading lines to make your painting more interesting and dynamic</li>\r\n\t<li style=\"text-align:justify\">Much&nbsp;more!!</li>\r\n</ul>\r\n\r\n<p style=\"text-align:justify\">This&nbsp;course&nbsp;is&nbsp;loosely&nbsp;based&nbsp;on landscape painting, a little bit of seascape painting on the way, but the concepts apply to painting universally. No matter what you want to be able to paint, this is a great place to start!</p>",
      "date_created": "2021-11-04T08:02:27.517Z",
      "status": "draft",
      "students": [1]
    }
  },
  {
    "model": "courses.course",
    "pk": 13,
    "fields": {
      "instructor": 13,
      "category": 1,
      "language": "en",
      "title": "Concept Art | Start to Finish",
      "slug": "concept-art-start-to-finish",
      "thumbnail_image": "course_thumbnails/concept-art-start-to-finish.jpg",
      "price": 18,
      "about_the_course": "<p style=\"text-align:justify\">Have&nbsp;you&nbsp;ever&nbsp;wanted&nbsp;to&nbsp;be&nbsp;able&nbsp;to paint <em><strong>anything </strong></em>on your computer on <em><strong>demand</strong></em>? Ever seen images by the greats and wonder how they manage to create incredible images off the top of their heads?</p>\r\n\r\n<p style=\"text-align:justify\">This course is designed to get you playing along and to give you a head start in your landscape painting journey regardless of what software you use.</p>\r\n\r\n<p style=\"text-align:justify\"><strong>No&nbsp;art theory&nbsp;required!</strong></p>\r\n\r\n<p style=\"text-align:justify\">All you need is basic drawing skill and some inspiration. In this course, you&#39;ll overcome many of the fears and questions you&#39;ve had surrounding the art of landscape painting and we&#39;ll tackle a variety of ways you can get better including:</p>\r\n\r\n<ul>\r\n\t<li style=\"text-align:justify\">Brushes to use</li>\r\n\t<li style=\"text-align:justify\">How to master composition</li>\r\n\t<li style=\"text-align:justify\">How to make your artwork look natural</li>\r\n\t<li style=\"text-align:justify\">How to use leading lines to make your painting more interesting and dynamic</li>\r\n\t<li style=\"text-align:justify\">Much&nbsp;more!!</li>\r\n</ul>\r\n\r\n<p style=\"text-align:justify\">This&nbsp;course&nbsp;is&nbsp;loosely&nbsp;based&nbsp;on landscape painting, a little bit of seascape painting on the way, but the concepts apply to painting universally. No matter what you want to be able to paint, this is a great place to start!</p>",
      "date_created": "2021-11-04T08:12:27.126Z",
      "status": "published",
      "students": [1, 2, 22]
    }
  },
  {
    "model": "courses.course",
    "pk": 14,
    "fields": {
      "instructor": 5,
      "category": 1,
      "language": "da",
      "title": "Landscape Painting Brushwork",
      "slug": "landscape-painting-brushwork",
      "thumbnail_image": "course_thumbnails/landscape-painting-brushwork.jpg",
      "price": 0,
      "about_the_course": "<p>Have&nbsp;you&nbsp;ever&nbsp;wanted&nbsp;to&nbsp;be&nbsp;able&nbsp;to play&nbsp;<em><strong>anything </strong></em>on your piano on <em><strong>demand</strong></em>? Ever seen images by the greats and wonder how they manage to create incredible images off the top of their heads?</p>\r\n\r\n<p>This course is designed to get you playing along and to give you a head start in your landscape painting journey regardless of what software you use.</p>\r\n\r\n<p><strong>No&nbsp;music theory&nbsp;required!</strong></p>\r\n\r\n<p>All you need is basic drawing skill and some inspiration. In this course, you&#39;ll overcome many of the fears and questions you&#39;ve had surrounding the art of landscape painting and we&#39;ll tackle a variety of ways you can get better including:</p>\r\n\r\n<ul>\r\n\t<li>Brushes to use</li>\r\n\t<li>How to master composition</li>\r\n\t<li>How to make your artwork look natural</li>\r\n\t<li>How to use leading lines to make your painting more interesting and dynamic</li>\r\n\t<li>Much&nbsp;more!!</li>\r\n</ul>\r\n\r\n<p>This&nbsp;course&nbsp;is&nbsp;loosely&nbsp;based&nbsp;on landscape painting, a little bit of seascape painting on the way, but the concepts apply to painting universally. No matter what you want to be able to paint, this is a great place to start!</p>",
      "date_created": "2021-11-20T17:59:40.038Z",
      "status": "draft",
      "students": [1, 2]
    }
  },
  {
    "model": "courses.course",
    "pk": 22,
    "fields": {
      "instructor": 5,
      "category": 1,
      "language": "ar",
      "title": "Fantasy Landscapes for Beginners",
      "slug": "fantasy-landscapes-for-beginners",
      "thumbnail_image": "course_thumbnails/fantasy-landscapes-for-beginners_gF4MQ1k.jpg",
      "price": 20,
      "about_the_course": "<p>Have&nbsp;you&nbsp;ever&nbsp;wanted&nbsp;to&nbsp;be&nbsp;able&nbsp;to paint <em><strong>anything </strong></em>on your computer on <em><strong>demand</strong></em>? Ever seen images by the greats and wonder how they manage to create incredible images off the top of their heads?</p>\r\n\r\n<p>This course is designed to get you playing along and to give you a head start in your landscape painting journey regardless of what software you use.</p>\r\n\r\n<p><strong>No&nbsp;art theory&nbsp;required!</strong></p>\r\n\r\n<p>All you need is basic drawing skill and some inspiration. In this course, you&#39;ll overcome many of the fears and questions you&#39;ve had surrounding the art of landscape painting and we&#39;ll tackle a variety of ways you can get better including:</p>\r\n\r\n<ul>\r\n\t<li>Brushes to use</li>\r\n\t<li>How to master composition</li>\r\n\t<li>How to make your artwork look natural</li>\r\n\t<li>How to use leading lines to make your painting more interesting and dynamic</li>\r\n\t<li>Much&nbsp;more!!</li>\r\n</ul>\r\n\r\n<p>This&nbsp;course&nbsp;is&nbsp;loosely&nbsp;based&nbsp;on landscape painting, a little bit of seascape painting on the way, but the concepts apply to painting universally. No matter what you want to be able to paint, this is a great place to start!</p>",
      "date_created": "2021-11-24T01:30:43.225Z",
      "status": "draft",
      "students": [1, 2]
    }
  },
  {
    "model": "courses.module",
    "pk": 1,
    "fields": {
      "course": 3,
      "module_title": "Introduction",
      "module_title_slug": "introduction"
    }
  },
  {
    "model": "courses.module",
    "pk": 2,
    "fields": {
      "course": 3,
      "module_title": "Form",
      "module_title_slug": "form"
    }
  },
  {
    "model": "courses.module",
    "pk": 3,
    "fields": {
      "course": 3,
      "module_title": "Light",
      "module_title_slug": "light"
    }
  },
  {
    "model": "courses.module",
    "pk": 4,
    "fields": {
      "course": 3,
      "module_title": "Emotional Impact",
      "module_title_slug": "emotional-impact"
    }
  },
  {
    "model": "courses.module",
    "pk": 5,
    "fields": {
      "course": 3,
      "module_title": "Materials",
      "module_title_slug": "materials"
    }
  },
  {
    "model": "courses.module",
    "pk": 6,
    "fields": {
      "course": 3,
      "module_title": "Composition",
      "module_title_slug": "composition"
    }
  },
  {
    "model": "courses.module",
    "pk": 7,
    "fields": {
      "course": 3,
      "module_title": "Colour",
      "module_title_slug": "colour"
    }
  },
  {
    "model": "courses.module",
    "pk": 8,
    "fields": {
      "course": 3,
      "module_title": "Outro",
      "module_title_slug": "outro"
    }
  },
  {
    "model": "courses.module",
    "pk": 9,
    "fields": {
      "course": 5,
      "module_title": "Introduction & Basic Setup",
      "module_title_slug": "introduction-basic-setup"
    }
  },
  {
    "model": "courses.module",
    "pk": 10,
    "fields": {
      "course": 5,
      "module_title": "Sketching",
      "module_title_slug": "sketching"
    }
  },
  {
    "model": "courses.module",
    "pk": 11,
    "fields": {
      "course": 5,
      "module_title": "Rough Color",
      "module_title_slug": "rough-color"
    }
  },
  {
    "model": "courses.module",
    "pk": 12,
    "fields": {
      "course": 5,
      "module_title": "Artwork Texturing",
      "module_title_slug": "artwork-texturing"
    }
  },
  {
    "model": "courses.module",
    "pk": 13,
    "fields": {
      "course": 5,
      "module_title": "Refinement & Finishing Touches",
      "module_title_slug": "refinement-finishing-touches"
    }
  },
  {
    "model": "courses.module",
    "pk": 14,
    "fields": {
      "course": 5,
      "module_title": "Course Recap",
      "module_title_slug": "course-recap"
    }
  },
  {
    "model": "courses.module",
    "pk": 15,
    "fields": {
      "course": 4,
      "module_title": "Advanced Class Based Views",
      "module_title_slug": "advanced-class-based-views"
    }
  },
  {
    "model": "courses.module",
    "pk": 16,
    "fields": {
      "course": 4,
      "module_title": "Build a REST API",
      "module_title_slug": "build-a-rest-api"
    }
  },
  {
    "model": "courses.module",
    "pk": 17,
    "fields": {
      "course": 4,
      "module_title": "Tests, Tests, Tests",
      "module_title_slug": "tests-tests-tests"
    }
  },
  {
    "model": "courses.module",
    "pk": 18,
    "fields": {
      "course": 4,
      "module_title": "Securing Django",
      "module_title_slug": "securing-django"
    }
  },
  {
    "model": "courses.module",
    "pk": 19,
    "fields": {
      "course": 1,
      "module_title": "Piano Basics",
      "module_title_slug": "piano-basics"
    }
  },
  {
    "model": "courses.module",
    "pk": 20,
    "fields": {
      "course": 1,
      "module_title": "Taking Chords to Another Level",
      "module_title_slug": "taking-chords-to-another-level"
    }
  },
  {
    "model": "courses.module",
    "pk": 21,
    "fields": {
      "course": 1,
      "module_title": "Chord Patterns & Techniques",
      "module_title_slug": "chord-patterns-techniques"
    }
  },
  {
    "model": "courses.module",
    "pk": 22,
    "fields": {
      "course": 1,
      "module_title": "Suspension & Passing Chords",
      "module_title_slug": "fifths-suspension-passing-chords"
    }
  },
  {
    "model": "courses.module",
    "pk": 23,
    "fields": {
      "course": 2,
      "module_title": "Intro to Code Editors",
      "module_title_slug": "intro-to-code-editors"
    }
  },
  {
    "model": "courses.module",
    "pk": 24,
    "fields": {
      "course": 2,
      "module_title": "Introduction to Django App and Project",
      "module_title_slug": "introduction-to-django-app-and-project"
    }
  },
  {
    "model": "courses.module",
    "pk": 25,
    "fields": {
      "course": 2,
      "module_title": "Django Models",
      "module_title_slug": "django-models"
    }
  },
  {
    "model": "courses.module",
    "pk": 26,
    "fields": {
      "course": 2,
      "module_title": "Building a Blog App",
      "module_title_slug": "building-a-blog-app"
    }
  },
  {
    "model": "courses.module",
    "pk": 27,
    "fields": {
      "course": 2,
      "module_title": "Deploying your Django App",
      "module_title_slug": "deploying-your-django-app"
    }
  },
  {
    "model": "courses.module",
    "pk": 28,
    "fields": {
      "course": 6,
      "module_title": "Observation",
      "module_title_slug": "observation"
    }
  },
  {
    "model": "courses.module",
    "pk": 29,
    "fields": {
      "course": 6,
      "module_title": "Be Like a Child",
      "module_title_slug": "be-like-a-child"
    }
  },
  {
    "model": "courses.module",
    "pk": 30,
    "fields": {
      "course": 6,
      "module_title": "Do Something Unusual",
      "module_title_slug": "do-something-unusual"
    }
  },
  {
    "model": "courses.module",
    "pk": 32,
    "fields": {
      "course": 6,
      "module_title": "Enjoy Yourself",
      "module_title_slug": "enjoy-yourself"
    }
  },
  {
    "model": "courses.module",
    "pk": 33,
    "fields": {
      "course": 6,
      "module_title": "Explore and Create",
      "module_title_slug": "explore-and-create"
    }
  },
  {
    "model": "courses.module",
    "pk": 34,
    "fields": {
      "course": 7,
      "module_title": "Understanding Brand Naming",
      "module_title_slug": "understanding-brand-naming"
    }
  },
  {
    "model": "courses.module",
    "pk": 35,
    "fields": {
      "course": 7,
      "module_title": "The Perfect Brand Name",
      "module_title_slug": "choosing-the-perfect-brand-name"
    }
  },
  {
    "model": "courses.module",
    "pk": 36,
    "fields": {
      "course": 8,
      "module_title": "Loving Yourself",
      "module_title_slug": "love-yourself"
    }
  },
  {
    "model": "courses.module",
    "pk": 37,
    "fields": {
      "course": 8,
      "module_title": "Loving Others",
      "module_title_slug": "loving-others"
    }
  },
  {
    "model": "courses.module",
    "pk": 38,
    "fields": {
      "course": 9,
      "module_title": "Introduction",
      "module_title_slug": "introduction"
    }
  },
  {
    "model": "courses.module",
    "pk": 39,
    "fields": {
      "course": 9,
      "module_title": "Components",
      "module_title_slug": "components"
    }
  },
  {
    "model": "courses.module",
    "pk": 40,
    "fields": {
      "course": 9,
      "module_title": "Reducers & Context API",
      "module_title_slug": "reducers-context-api"
    }
  },
  {
    "model": "courses.module",
    "pk": 41,
    "fields": {
      "course": 10,
      "module_title": "Hands on the GCP",
      "module_title_slug": "hands-on-the-gcp"
    }
  },
  {
    "model": "courses.module",
    "pk": 42,
    "fields": {
      "course": 10,
      "module_title": "Cloud SQL & More",
      "module_title_slug": "cloud-sql-more"
    }
  },
  {
    "model": "courses.module",
    "pk": 43,
    "fields": {
      "course": 11,
      "module_title": "Fundamentals",
      "module_title_slug": "fundamentals"
    }
  },
  {
    "model": "courses.module",
    "pk": 44,
    "fields": {
      "course": 11,
      "module_title": "A Closer Look at Functions",
      "module_title_slug": "a-closer-look-at-functions"
    }
  },
  {
    "model": "courses.module",
    "pk": 45,
    "fields": {
      "course": 12,
      "module_title": "Learn HTML",
      "module_title_slug": "learn-html"
    }
  },
  {
    "model": "courses.module",
    "pk": 46,
    "fields": {
      "course": 12,
      "module_title": "Learn CSS",
      "module_title_slug": "learn-css"
    }
  },
  {
    "model": "courses.module",
    "pk": 47,
    "fields": {
      "course": 12,
      "module_title": "Learn JavaScript",
      "module_title_slug": "learn-javascript"
    }
  },
  {
    "model": "courses.module",
    "pk": 48,
    "fields": {
      "course": 13,
      "module_title": "Rough Sketching",
      "module_title_slug": "rough-sketching"
    }
  },
  {
    "model": "courses.module",
    "pk": 49,
    "fields": {
      "course": 13,
      "module_title": "Polish and Presentation",
      "module_title_slug": "polish-and-presentation"
    }
  },
  {
    "model": "courses.module",
    "pk": 50,
    "fields": {
      "course": 14,
      "module_title": "Introduction",
      "module_title_slug": "introduction"
    }
  },
  {
    "model": "courses.module",
    "pk": 51,
    "fields": {
      "course": 14,
      "module_title": "Deep Dive into Brushwork",
      "module_title_slug": "deep-dive-into-brushwork"
    }
  },
  {
    "model": "courses.module",
    "pk": 52,
    "fields": {
      "course": 14,
      "module_title": "Finishing Up",
      "module_title_slug": "finishing-up"
    }
  },
  {
    "model": "courses.module",
    "pk": 58,
    "fields": {
      "course": 22,
      "module_title": "Introduction",
      "module_title_slug": "introduction"
    }
  },
  {
    "model": "courses.module",
    "pk": 59,
    "fields": {
      "course": 22,
      "module_title": "Fantasy Landscaping",
      "module_title_slug": "fantasy-landscaping"
    }
  },
  {
    "model": "courses.module",
    "pk": 60,
    "fields": {
      "course": 22,
      "module_title": "Finishing Up",
      "module_title_slug": "finishing-up"
    }
  },
  {
    "model": "courses.content",
    "pk": 2,
    "fields": {
      "module": 9,
      "title": "Introduction to Photoshop",
      "content_description": "<p><strong>Welcome!</strong></p>\r\n\r\n<p>In this video, I will introduce you to <strong>Photoshop </strong>and let you know how to set up your <em><strong>canvas</strong></em> for painting.</p>",
      "content_video": "content_videos/Candle_-_1437_YCw9UiZ.mp4",
      "content_image": "",
      "content_file": ""
    }
  },
  {
    "model": "courses.content",
    "pk": 3,
    "fields": {
      "module": 10,
      "title": "Be Sketchy!",
      "content_description": "<p><strong>Sketching!</strong></p>\r\n\r\n<p>In this video, I will introduce you to <strong>sketching&nbsp;</strong>and let you know how to go about it.</p>\r\n\r\n<p>An image file to use as follow along has been provided to download for you.</p>",
      "content_video": "content_videos/Candle_-_1437.mp4",
      "content_image": "content_images/adrian-wilkins-frenzy-sketch01.jpg",
      "content_file": ""
    }
  },
  {
    "model": "courses.content",
    "pk": 4,
    "fields": {
      "module": 11,
      "title": "Color it Rough",
      "content_description": "<p><span style=\"font-size:14px\"><strong>Rough Color!</strong></span></p>\r\n\r\n<p>In this video, I will introduce you to <strong>colorinig&nbsp;</strong>and let you know how to lay down some rough colors for your painting.</p>\r\n\r\n<p>If you want to know more about color, read the file content below.</p>\r\n\r\n<p><strong>Enjoy!</strong></p>",
      "content_video": "content_videos/Candle_-_1437_2jghnhs.mp4",
      "content_image": "",
      "content_file": "content_files/Color.pdf"
    }
  },
  {
    "model": "courses.content",
    "pk": 5,
    "fields": {
      "module": 9,
      "title": "How to Setup Photoshop",
      "content_description": "<p>Basic setup for digital painting in Photoshop</p>",
      "content_video": "content_videos/Candle_-_1437_wmcqKM8.mp4",
      "content_image": "",
      "content_file": ""
    }
  },
  {
    "model": "courses.content",
    "pk": 6,
    "fields": {
      "module": 13,
      "title": "Refined Painting",
      "content_description": "<p>This class is about refining your <em><strong>painting</strong></em>.</p>\r\n\r\n<p>It is more of &quot;you can have my husband but please, don&#39;t mess with my man&quot;.</p>",
      "content_video": "content_videos/Candle_-_1437_kWUo4bp.mp4",
      "content_image": "",
      "content_file": ""
    }
  },
  {
    "model": "courses.content",
    "pk": 7,
    "fields": {
      "module": 13,
      "title": "Details & Effects",
      "content_description": "<p>This class explains in details how to add <em><strong>details </strong></em>and <em><strong>effects </strong></em>like blending options and stuff.</p>",
      "content_video": "content_videos/Candle_-_1437_Krza9Xd.mp4",
      "content_image": "",
      "content_file": ""
    }
  },
  {
    "model": "courses.content",
    "pk": 8,
    "fields": {
      "module": 13,
      "title": "Final Polish",
      "content_description": "<p>Add final polishes to your artwork and call it a day...or not!</p>",
      "content_video": "content_videos/Candle_-_1437_XPwQtwY.mp4",
      "content_image": "",
      "content_file": ""
    }
  },
  {
    "model": "courses.content",
    "pk": 9,
    "fields": {
      "module": 12,
      "title": "Texture It!",
      "content_description": "<p>Add life to your artwork by adding <em><strong>textures </strong></em>as opposed to airbrushed paintings that look...</p>",
      "content_video": "content_videos/Candle_-_1437_iD4WjJg.mp4",
      "content_image": "",
      "content_file": ""
    }
  },
  {
    "model": "courses.content",
    "pk": 10,
    "fields": {
      "module": 14,
      "title": "Parting Gift",
      "content_description": "<p>This is the overview of all we have been through in the classes that we&#39;ve had.</p>",
      "content_video": "content_videos/Candle_-_1437_aMPmEaz.mp4",
      "content_image": "",
      "content_file": ""
    }
  },
  {
    "model": "courses.content",
    "pk": 11,
    "fields": {
      "module": 1,
      "title": "Introduction to Photography",
      "content_description": "<p>This is the introduction to <em><strong>architecture </strong></em>photography first class</p>",
      "content_video": "content_videos/Candle_-_1437_OIQq0Lu.mp4",
      "content_image": "",
      "content_file": ""
    }
  },
  {
    "model": "courses.content",
    "pk": 13,
    "fields": {
      "module": 2,
      "title": "Lets' talk Form",
      "content_description": "<p>This class is about <em><strong>form</strong></em>. This is not the type of form you fill...don&#39;t mind me.</p>",
      "content_video": "content_videos/Candle_-_1437_IlOynlM.mp4",
      "content_image": "",
      "content_file": ""
    }
  },
  {
    "model": "courses.content",
    "pk": 14,
    "fields": {
      "module": 3,
      "title": "Light it Up",
      "content_description": "<p>Yes! Light is very important in <em><strong>architecture </strong></em>photography...any type of photography <strong>infact</strong>.</p>",
      "content_video": "content_videos/Candle_-_1437_K3tEgsP.mp4",
      "content_image": "",
      "content_file": ""
    }
  },
  {
    "model": "courses.content",
    "pk": 15,
    "fields": {
      "module": 4,
      "title": "Impact Emotionally!",
      "content_description": "<p>In this class we talk about how to make your photographs evoke emotions in <em><strong>people</strong></em>, <strong>plants</strong>, <strong>animals</strong>, <em><strong>cups</strong></em>, <em><strong>spoons</strong></em>...anything.</p>",
      "content_video": "content_videos/Candle_-_1437_lBSd4rF.mp4",
      "content_image": "",
      "content_file": ""
    }
  },
  {
    "model": "courses.content",
    "pk": 16,
    "fields": {
      "module": 5,
      "title": "What a Building is Made Up Of",
      "content_description": "<p>In this class we talk about materials.</p>",
      "content_video": "content_videos/Candle_-_1437_AjzRBgV.mp4",
      "content_image": "",
      "content_file": ""
    }
  },
  {
    "model": "courses.content",
    "pk": 17,
    "fields": {
      "module": 6,
      "title": "Compose It!",
      "content_description": "<p>Be <em><strong>composited!&nbsp;</strong></em>Know angles, camera positions, one-third views, concepts and stuff</p>",
      "content_video": "content_videos/Candle_-_1437_o1GK0Mf.mp4",
      "content_image": "",
      "content_file": ""
    }
  },
  {
    "model": "courses.content",
    "pk": 18,
    "fields": {
      "module": 7,
      "title": "Yes, Color!",
      "content_description": "<p>The most fanscinating topic ever...color. It is so vast than the human eye and mind can comprehend. Some&nbsp;<em><strong>animals </strong></em>see more colors than humans.</p>",
      "content_video": "content_videos/Candle_-_1437_WVKvN7E.mp4",
      "content_image": "",
      "content_file": ""
    }
  },
  {
    "model": "courses.content",
    "pk": 19,
    "fields": {
      "module": 8,
      "title": "Lets' Recap",
      "content_description": "<p>Here is the summary of what we have discussed so far...</p>\r\n\r\n<ul>\r\n\t<li>First thing</li>\r\n\t<li>Second thing</li>\r\n\t<li>Third thing</li>\r\n\t<li>Fourth thing</li>\r\n</ul>",
      "content_video": "content_videos/Candle_-_1437_jOWDlOv.mp4",
      "content_image": "",
      "content_file": ""
    }
  },
  {
    "model": "courses.content",
    "pk": 20,
    "fields": {
      "module": 15,
      "title": "Extending Class Based Views",
      "content_description": "<p>This class will move you from the <em><strong>basic </strong></em>function based views to <em><strong>advanced</strong></em> class based views</p>",
      "content_video": "content_videos/Candle_-_1437_4ZdW9cB.mp4",
      "content_image": "",
      "content_file": ""
    }
  },
  {
    "model": "courses.content",
    "pk": 21,
    "fields": {
      "module": 15,
      "title": "Using Mixins",
      "content_description": "<p>This class goes in depth on using <em><strong>mixins</strong></em>. They make life easier and code writing more comfortable.</p>",
      "content_video": "content_videos/Candle_-_1437_m5DNsqe.mp4",
      "content_image": "",
      "content_file": ""
    }
  },
  {
    "model": "courses.content",
    "pk": 22,
    "fields": {
      "module": 16,
      "title": "REST Easy!",
      "content_description": "<p>This class will be solely on using the Django Rest Frame to scaffold, authenticating with DRF and so on.</p>",
      "content_video": "content_videos/Candle_-_1437_heMXLtf.mp4",
      "content_image": "",
      "content_file": ""
    }
  },
  {
    "model": "courses.content",
    "pk": 23,
    "fields": {
      "module": 17,
      "title": "Why Testing Matters",
      "content_description": "<p>This class gives insight as to why testing matters, how Django handles testing, how to test models, views etc.</p>",
      "content_video": "content_videos/Candle_-_1437_4RjnEOr.mp4",
      "content_image": "",
      "content_file": ""
    }
  },
  {
    "model": "courses.content",
    "pk": 24,
    "fields": {
      "module": 18,
      "title": "Planning for Failure",
      "content_description": "<p style=\"text-align:justify\">There are people whose sole aim is to break into your system to do good...or to cause mayhem. Either way, prepare for them.</p>",
      "content_video": "content_videos/Candle_-_1437_nfARkTP.mp4",
      "content_image": "",
      "content_file": ""
    }
  },
  {
    "model": "courses.content",
    "pk": 25,
    "fields": {
      "module": 23,
      "title": "Setting Up - Code Editors",
      "content_description": "<p style=\"text-align:justify\">This is the beginning part of your Django journey. I will take you through how to set up your code editors be it VS Code, Sublime Text, Brackets or whatever you want to use.</p>",
      "content_video": "content_videos/Candle_-_1437_VaPpumS.mp4",
      "content_image": "",
      "content_file": ""
    }
  },
  {
    "model": "courses.content",
    "pk": 26,
    "fields": {
      "module": 24,
      "title": "App or Project?",
      "content_description": "<p>Discerning the difference is the key. In this class you will understand the distinction between the two.</p>",
      "content_video": "content_videos/Candle_-_1437_DtZe1OA.mp4",
      "content_image": "",
      "content_file": ""
    }
  },
  {
    "model": "courses.content",
    "pk": 27,
    "fields": {
      "module": 25,
      "title": "Model It!",
      "content_description": "<p>Learn how Django models works. What CharFields, SlugField, TextField, FileField all means</p>",
      "content_video": "content_videos/Candle_-_1437_E1yZHnp.mp4",
      "content_image": "",
      "content_file": ""
    }
  },
  {
    "model": "courses.content",
    "pk": 28,
    "fields": {
      "module": 26,
      "title": "Blog App",
      "content_description": "<p>In this class, we build a blog app to show you the basic CRUD applications. CRUD means Create, Read, Update and Delete.</p>",
      "content_video": "content_videos/Candle_-_1437_7nEd11b.mp4",
      "content_image": "",
      "content_file": ""
    }
  },
  {
    "model": "courses.content",
    "pk": 29,
    "fields": {
      "module": 27,
      "title": "Deploy It",
      "content_description": "<p>Make your app accessible anywhere in the world by deploying it. I will do the hand holding on how to go about this.</p>",
      "content_video": "content_videos/Candle_-_1437_gHMrphB.mp4",
      "content_image": "",
      "content_file": ""
    }
  },
  {
    "model": "courses.content",
    "pk": 30,
    "fields": {
      "module": 41,
      "title": "GCP",
      "content_description": "<p>We&#39;ll talk about GCP</p>",
      "content_video": "content_videos/Candle_-_1437_WWtgVr5.mp4",
      "content_image": "",
      "content_file": ""
    }
  },
  {
    "model": "courses.content",
    "pk": 31,
    "fields": {
      "module": 42,
      "title": "Cloud SQL",
      "content_description": "<p>We&#39;ll discuss Cloud SQL</p>",
      "content_video": "content_videos/Candle_-_1437_yV6tFSZ.mp4",
      "content_image": "",
      "content_file": ""
    }
  },
  {
    "model": "courses.content",
    "pk": 32,
    "fields": {
      "module": 43,
      "title": "Fundamentals",
      "content_description": "<p>This is the fundamentals of JavaScript</p>",
      "content_video": "content_videos/Candle_-_1437_qGDGgxN.mp4",
      "content_image": "",
      "content_file": ""
    }
  },
  {
    "model": "courses.content",
    "pk": 33,
    "fields": {
      "module": 44,
      "title": "Functions",
      "content_description": "<p>Yes, functions. Lets talk about it.</p>",
      "content_video": "content_videos/Candle_-_1437_BkrNiVN.mp4",
      "content_image": "",
      "content_file": ""
    }
  },
  {
    "model": "courses.content",
    "pk": 34,
    "fields": {
      "module": 45,
      "title": "HTML",
      "content_description": "<p>Yes, HTML.</p>",
      "content_video": "content_videos/Candle_-_1437_csXGf8H.mp4",
      "content_image": "",
      "content_file": ""
    }
  },
  {
    "model": "courses.content",
    "pk": 35,
    "fields": {
      "module": 46,
      "title": "CSS",
      "content_description": "<p>Yes, CSS</p>",
      "content_video": "content_videos/Candle_-_1437_XP6Y9W4.mp4",
      "content_image": "",
      "content_file": ""
    }
  },
  {
    "model": "courses.content",
    "pk": 36,
    "fields": {
      "module": 47,
      "title": "JavaScript",
      "content_description": "<p>Yes, JavaScript.</p>",
      "content_video": "content_videos/Candle_-_1437_pR2FcXp.mp4",
      "content_image": "",
      "content_file": ""
    }
  },
  {
    "model": "courses.content",
    "pk": 37,
    "fields": {
      "module": 38,
      "title": "Introduction",
      "content_description": "<p>Introduction to React</p>",
      "content_video": "content_videos/Candle_-_1437_4qEQqit.mp4",
      "content_image": "",
      "content_file": ""
    }
  },
  {
    "model": "courses.content",
    "pk": 38,
    "fields": {
      "module": 39,
      "title": "Components",
      "content_description": "<p>Yes, Components.</p>",
      "content_video": "content_videos/Candle_-_1437_Dnt3QXW.mp4",
      "content_image": "",
      "content_file": ""
    }
  },
  {
    "model": "courses.content",
    "pk": 39,
    "fields": {
      "module": 40,
      "title": "Reducers",
      "content_description": "<p>Yes, Reducers</p>",
      "content_video": "content_videos/Candle_-_1437_vUSMnx8.mp4",
      "content_image": "",
      "content_file": ""
    }
  },
  {
    "model": "courses.content",
    "pk": 40,
    "fields": {
      "module": 40,
      "title": "Context API",
      "content_description": "<p>Yes, Context API.</p>",
      "content_video": "content_videos/Candle_-_1437_n80XcSg.mp4",
      "content_image": "",
      "content_file": ""
    }
  },
  {
    "model": "courses.content",
    "pk": 41,
    "fields": {
      "module": 48,
      "title": "Portrait Sketching",
      "content_description": "<p>Something</p>",
      "content_video": "content_videos/Candle_-_1437_AVoCtdy.mp4",
      "content_image": "",
      "content_file": ""
    }
  },
  {
    "model": "courses.content",
    "pk": 42,
    "fields": {
      "module": 19,
      "title": "Learn the Basics!",
      "content_description": "<p>Learning the basics of anything is very important. It serves as the foundation to build on.</p>",
      "content_video": "content_videos/Candle_-_1437_SBPSZ0V.mp4",
      "content_image": "",
      "content_file": ""
    }
  },
  {
    "model": "courses.content",
    "pk": 43,
    "fields": {
      "module": 20,
      "title": "Go to Another Level",
      "content_description": "<p>Yes. Now that you have the <strong>basics </strong>in your back pocket, let&#39;s take our <strong>chords </strong>to another level.</p>",
      "content_video": "content_videos/Candle_-_1437_33mjrPu.mp4",
      "content_image": "",
      "content_file": ""
    }
  },
  {
    "model": "courses.content",
    "pk": 44,
    "fields": {
      "module": 21,
      "title": "Know Patterns and Techniques",
      "content_description": "<p>Yes. Patterns and Techniques.</p>",
      "content_video": "content_videos/Candle_-_1437_CniPX9e.mp4",
      "content_image": "",
      "content_file": ""
    }
  },
  {
    "model": "courses.content",
    "pk": 45,
    "fields": {
      "module": 22,
      "title": "Suspend Em'",
      "content_description": "<p>Suspend dem chords.</p>",
      "content_video": "content_videos/Candle_-_1437_SjNqeZC.mp4",
      "content_image": "content_images/piano-suspend.png",
      "content_file": ""
    }
  },
  {
    "model": "courses.content",
    "pk": 46,
    "fields": {
      "module": 22,
      "title": "Pass Em'",
      "content_description": "<p>Yes. Now pass them.</p>",
      "content_video": "content_videos/Candle_-_1437_mItauXy.mp4",
      "content_image": "",
      "content_file": ""
    }
  },
  {
    "model": "courses.content",
    "pk": 47,
    "fields": {
      "module": 36,
      "title": "Embrace Yourself!",
      "content_description": "<p>Yes. Embrace yourself.</p>",
      "content_video": "content_videos/Candle_-_1437_CN1uP2f.mp4",
      "content_image": "",
      "content_file": ""
    }
  },
  {
    "model": "courses.content",
    "pk": 48,
    "fields": {
      "module": 36,
      "title": "Nurture Yourself!",
      "content_description": "<p>Yes. <strong>Nurture </strong>yourself.</p>",
      "content_video": "content_videos/Candle_-_1437_RUueBWX.mp4",
      "content_image": "",
      "content_file": ""
    }
  },
  {
    "model": "courses.content",
    "pk": 49,
    "fields": {
      "module": 37,
      "title": "Grow Your Self!",
      "content_description": "<p>Yes. Start growing your <strong>SELF </strong>now!</p>",
      "content_video": "content_videos/Candle_-_1437_YfU1qV8.mp4",
      "content_image": "",
      "content_file": ""
    }
  },
  {
    "model": "courses.content",
    "pk": 50,
    "fields": {
      "module": 37,
      "title": "Love Yourself!",
      "content_description": "<p>Do this first! Others comes next.</p>",
      "content_video": "content_videos/Candle_-_1437_6B0IkcL.mp4",
      "content_image": "",
      "content_file": ""
    }
  },
  {
    "model": "courses.content",
    "pk": 51,
    "fields": {
      "module": 37,
      "title": "Love Others!",
      "content_description": "<p>You can now love other people and things.</p>",
      "content_video": "content_videos/Candle_-_1437_HJwxtYO.mp4",
      "content_image": "",
      "content_file": ""
    }
  },
  {
    "model": "courses.content",
    "pk": 52,
    "fields": {
      "module": 44,
      "title": "Do it Anonymously!",
      "content_description": "<p>Let&#39;s take a look at anonymous functions.</p>",
      "content_video": "content_videos/Candle_-_1437_HIKutQH.mp4",
      "content_image": "",
      "content_file": ""
    }
  },
  {
    "model": "courses.content",
    "pk": 53,
    "fields": {
      "module": 48,
      "title": "Rough it Out!",
      "content_description": "<p>Rough sketching it is. Don&#39;t think about the final outcome just yet. Just <strong>FEEL</strong>.</p>",
      "content_video": "content_videos/Candle_-_1437_tdDJq1S.mp4",
      "content_image": "",
      "content_file": ""
    }
  },
  {
    "model": "courses.content",
    "pk": 54,
    "fields": {
      "module": 49,
      "title": "Polish It!",
      "content_description": "<p>Polish your artwork by adding filters, correcting tones and saturations and stuff.</p>",
      "content_video": "content_videos/Candle_-_1437_toy5kF7.mp4",
      "content_image": "content_images/alex-hanukafast-asia-street-8.jpg",
      "content_file": ""
    }
  },
  {
    "model": "courses.content",
    "pk": 55,
    "fields": {
      "module": 49,
      "title": "Present It.",
      "content_description": "<p>Presentation is key.</p>",
      "content_video": "content_videos/Candle_-_1437_fZJCVFt.mp4",
      "content_image": "",
      "content_file": ""
    }
  },
  {
    "model": "courses.content",
    "pk": 56,
    "fields": {
      "module": 34,
      "title": "Understanding What is in a Name",
      "content_description": "<p>Understand it.</p>",
      "content_video": "content_videos/Candle_-_1437_CZfPH9r.mp4",
      "content_image": "",
      "content_file": ""
    }
  },
  {
    "model": "courses.content",
    "pk": 57,
    "fields": {
      "module": 35,
      "title": "Make it Perfect!",
      "content_description": "<p>Get the <strong><em>perfect </em></strong>brand name.</p>",
      "content_video": "content_videos/Candle_-_1437_dyRThzc.mp4",
      "content_image": "",
      "content_file": ""
    }
  },
  {
    "model": "courses.content",
    "pk": 58,
    "fields": {
      "module": 28,
      "title": "Observe!",
      "content_description": "<p>Observe.</p>",
      "content_video": "content_videos/Candle_-_1437_tFLkq0l.mp4",
      "content_image": "",
      "content_file": ""
    }
  },
  {
    "model": "courses.content",
    "pk": 59,
    "fields": {
      "module": 29,
      "title": "Be Child-Like",
      "content_description": "<p>Be <u><em><strong>Unusual</strong></em></u>.</p>",
      "content_video": "content_videos/Candle_-_1437_XJndGvh.mp4",
      "content_image": "",
      "content_file": ""
    }
  },
  {
    "model": "courses.content",
    "pk": 60,
    "fields": {
      "module": 30,
      "title": "Do Things Unusual",
      "content_description": "<p>Do things unusual.</p>",
      "content_video": "content_videos/Candle_-_1437_A3uaDAO.mp4",
      "content_image": "",
      "content_file": ""
    }
  },
  {
    "model": "courses.content",
    "pk": 61,
    "fields": {
      "module": 32,
      "title": "Enjoy Yourself!",
      "content_description": "<p>Live a little and don&#39;t GAF.</p>",
      "content_video": "content_videos/Candle_-_1437_W6aN5V0.mp4",
      "content_image": "",
      "content_file": ""
    }
  },
  {
    "model": "courses.content",
    "pk": 62,
    "fields": {
      "module": 33,
      "title": "Explore and Create",
      "content_description": "<p>Don&#39;t be afraid to <strong>explore </strong>uncharted territories and <strong>create </strong>new things.</p>",
      "content_video": "content_videos/Candle_-_1437_Mcl8y1J.mp4",
      "content_image": "",
      "content_file": ""
    }
  },
  {
    "model": "courses.review",
    "pk": 1,
    "fields": {
      "course": 5,
      "student": 1,
      "stars": "5",
      "body": "This course is an eye-opener. I watched most of the lectures and re-watched some because they are fascinating. There is no one negative thing to say about the course. A true masterclass!",
      "timestamp": "2021-11-11T23:30:44.649Z"
    }
  },
  {
    "model": "courses.review",
    "pk": 2,
    "fields": {
      "course": 5,
      "student": 19,
      "stars": "4",
      "body": "Amazing course! A comprehensive course to paint landscapes that'll wow.",
      "timestamp": "2021-11-11T23:34:16.565Z"
    }
  },
  {
    "model": "users.customuser",
    "pk": 1,
    "fields": {
      "password": "pbkdf2_sha256$390000$SqDSwwp5YXIlOkCbU2yDLN$vHFrH1UVKINZjcveJn6g4INWyC0T6DALbSO2TrZ9jac=",
      "last_login": "2023-02-25T21:50:35.758Z",
      "is_superuser": true,
      "is_staff": true,
      "is_active": true,
      "date_joined": "2021-11-02T23:38:54.077Z",
      "email": "tomiwajoseph88@gmail.com",
      "first_name": "Tomiwa",
      "last_name": "Joseph",
      "is_instructor": true,
      "groups": [],
      "user_permissions": []
    }
  },
  {
    "model": "users.customuser",
    "pk": 2,
    "fields": {
      "password": "pbkdf2_sha256$260000$7savMjbBuX5fo9PNGQyHcg$egHkASwmmeHE8BmDsxOuJH9b2Ez3pwUiEKG/9cvfg5Q=",
      "last_login": "2022-05-03T20:45:54.517Z",
      "is_superuser": true,
      "is_staff": true,
      "is_active": true,
      "date_joined": "2021-11-02T23:43:10Z",
      "email": "janedoe@gmail.com",
      "first_name": "Jane",
      "last_name": "Doe",
      "is_instructor": true,
      "groups": [],
      "user_permissions": []
    }
  },
  {
    "model": "users.customuser",
    "pk": 3,
    "fields": {
      "password": "pbkdf2_sha256$260000$pOyBs31tSebwuACLZgZv9a$9TjEj3br5kHgUIHywZdpHBQVPhJFQVw6WGCdZ54bXWU=",
      "last_login": null,
      "is_superuser": false,
      "is_staff": false,
      "is_active": true,
      "date_joined": "2021-11-03T00:18:15.870Z",
      "email": "johnleblanc@gmail.com",
      "first_name": "John",
      "last_name": "Leblanc",
      "is_instructor": false,
      "groups": [],
      "user_permissions": []
    }
  },
  {
    "model": "users.customuser",
    "pk": 4,
    "fields": {
      "password": "pbkdf2_sha256$390000$3NZ6nYhpANYXLPd2ixyUjW$7wWdb0fpoHCwaGLNBT19prRUQE0drDQaxOj0QKd1m6w=",
      "last_login": "2023-02-15T22:31:15.395Z",
      "is_superuser": false,
      "is_staff": false,
      "is_active": true,
      "date_joined": "2021-11-03T00:20:07.659Z",
      "email": "gloriawilt@gmail.com",
      "first_name": "Gloria",
      "last_name": "Wilt",
      "is_instructor": true,
      "groups": [],
      "user_permissions": []
    }
  },
  {
    "model": "users.customuser",
    "pk": 5,
    "fields": {
      "password": "pbkdf2_sha256$260000$B7BPOjUGBBJbzySb7TkgLD$pCG5hcv9KJKgZAna6onuQN+pLQFOeEpUAVxPNhM5lL4=",
      "last_login": "2021-11-23T23:24:34.822Z",
      "is_superuser": false,
      "is_staff": false,
      "is_active": true,
      "date_joined": "2021-11-03T00:23:31.220Z",
      "email": "danieldouglas@gmail.com",
      "first_name": "Daniel",
      "last_name": "Douglas",
      "is_instructor": true,
      "groups": [],
      "user_permissions": []
    }
  },
  {
    "model": "users.customuser",
    "pk": 6,
    "fields": {
      "password": "pbkdf2_sha256$260000$8fJTZhqIciZ9W982RwlXnR$TwtrPp0vdL4pD9GmK9CcYpNf77dYwaje7tAWvLdsnBA=",
      "last_login": null,
      "is_superuser": false,
      "is_staff": false,
      "is_active": true,
      "date_joined": "2021-11-03T00:24:27.558Z",
      "email": "juliamundy@info.in",
      "first_name": "Julia",
      "last_name": "Mundy",
      "is_instructor": true,
      "groups": [],
      "user_permissions": []
    }
  },
  {
    "model": "users.customuser",
    "pk": 7,
    "fields": {
      "password": "pbkdf2_sha256$260000$FeUimmY531xZGWr4gOsraf$AkhgOx0p3BCPrUQzh+OLDadr8sYMfyPzrY4pIUgmcls=",
      "last_login": "2022-05-04T01:48:25.402Z",
      "is_superuser": false,
      "is_staff": false,
      "is_active": true,
      "date_joined": "2021-11-03T00:25:16.178Z",
      "email": "edwardellis@gmail.com",
      "first_name": "Edward",
      "last_name": "Ellis",
      "is_instructor": false,
      "groups": [],
      "user_permissions": []
    }
  },
  {
    "model": "users.customuser",
    "pk": 8,
    "fields": {
      "password": "pbkdf2_sha256$390000$FHOL6Qe6NBlx2Qto78N763$ZOlrnrx8orH3N/NNbU9//RUB6HJUZ1ao5TBikENWWzs=",
      "last_login": "2023-02-15T22:52:17.947Z",
      "is_superuser": false,
      "is_staff": false,
      "is_active": true,
      "date_joined": "2021-11-03T00:26:02.182Z",
      "email": "tangelataylor@gmail.com",
      "first_name": "Tangela",
      "last_name": "Taylor",
      "is_instructor": true,
      "groups": [],
      "user_permissions": []
    }
  },
  {
    "model": "users.customuser",
    "pk": 9,
    "fields": {
      "password": "pbkdf2_sha256$260000$WwWo57EqZuWngPZHC49azO$Zsrf6Nr1KastpIGvIQpn0RJ/vymVEV4PNlcHXiPVNSU=",
      "last_login": null,
      "is_superuser": false,
      "is_staff": false,
      "is_active": true,
      "date_joined": "2021-11-03T00:26:45.079Z",
      "email": "jamesedmonds@yahoo.com",
      "first_name": "James",
      "last_name": "Edmonds",
      "is_instructor": true,
      "groups": [],
      "user_permissions": []
    }
  },
  {
    "model": "users.customuser",
    "pk": 10,
    "fields": {
      "password": "pbkdf2_sha256$260000$A9lGTYTTdJg0Bv5PiyL7Yb$Bb/Dhc5ehjPrrjS24PS5oxU+ZI2G8+fPKComJdj58bU=",
      "last_login": null,
      "is_superuser": false,
      "is_staff": false,
      "is_active": true,
      "date_joined": "2021-11-03T00:27:36.524Z",
      "email": "theresarolland@info.in",
      "first_name": "Theresa",
      "last_name": "Rolland",
      "is_instructor": true,
      "groups": [],
      "user_permissions": []
    }
  },
  {
    "model": "users.customuser",
    "pk": 11,
    "fields": {
      "password": "pbkdf2_sha256$260000$vIydHy7D5OhWuMNqpKeKTk$12fbNZ9Vuz0x2Cddf3Zl4gYzQIHlVr9sYNtP5DqUaMw=",
      "last_login": null,
      "is_superuser": false,
      "is_staff": false,
      "is_active": true,
      "date_joined": "2021-11-03T00:28:10.501Z",
      "email": "rodrigoschneider@yahoo.com",
      "first_name": "Rodrigo",
      "last_name": "Schneider",
      "is_instructor": true,
      "groups": [],
      "user_permissions": []
    }
  },
  {
    "model": "users.customuser",
    "pk": 12,
    "fields": {
      "password": "pbkdf2_sha256$260000$5ayTWIUFhyJ35Q8fAUkkP4$2Oc4Vfy1NaqQ4wxTmNp07BFBBSvoD+sVGagah3qQSbQ=",
      "last_login": "2021-12-02T00:24:31.830Z",
      "is_superuser": false,
      "is_staff": false,
      "is_active": true,
      "date_joined": "2021-11-03T00:28:39.726Z",
      "email": "jerrycampos@gmail.com",
      "first_name": "Jerry",
      "last_name": "Campos",
      "is_instructor": false,
      "groups": [],
      "user_permissions": []
    }
  },
  {
    "model": "users.customuser",
    "pk": 13,
    "fields": {
      "password": "pbkdf2_sha256$260000$WKnpDlyTjQzVBglhHsSgXn$sebKh0Lojwqg+k1n0SyWiRA0DXHtaVeV5pQgplHnaEY=",
      "last_login": null,
      "is_superuser": false,
      "is_staff": false,
      "is_active": true,
      "date_joined": "2021-11-03T00:29:06.371Z",
      "email": "courtneysweney@gmail.com",
      "first_name": "Courtney",
      "last_name": "Sweney",
      "is_instructor": true,
      "groups": [],
      "user_permissions": []
    }
  },
  {
    "model": "users.customuser",
    "pk": 14,
    "fields": {
      "password": "pbkdf2_sha256$260000$9sj3OZxHX8STHt6aUjPjmf$0fcYxBAcFvAFl+ZTYFa05bg7dEqwiXVBcUO2EmrsRsM=",
      "last_login": null,
      "is_superuser": false,
      "is_staff": false,
      "is_active": true,
      "date_joined": "2021-11-03T00:29:35.785Z",
      "email": "michaelanderson@gmail.com",
      "first_name": "Michael",
      "last_name": "Anderson",
      "is_instructor": false,
      "groups": [],
      "user_permissions": []
    }
  },
  {
    "model": "users.customuser",
    "pk": 15,
    "fields": {
      "password": "pbkdf2_sha256$260000$yPqfAypXjNIgd0a6K2Dblg$3786Q1iaWxrQar8e2iYSqUuWMhH2YGAACsFcHJcsWqA=",
      "last_login": "2021-12-01T18:16:29.049Z",
      "is_superuser": false,
      "is_staff": false,
      "is_active": true,
      "date_joined": "2021-11-03T00:30:11.622Z",
      "email": "edwardblasen@gmail.com",
      "first_name": "Edward",
      "last_name": "Blasen",
      "is_instructor": true,
      "groups": [],
      "user_permissions": []
    }
  },
  {
    "model": "users.customuser",
    "pk": 16,
    "fields": {
      "password": "pbkdf2_sha256$260000$BtKgRkHXgc6iMf03qrrOXs$TsOhxEoWZGfb0IAzOl+MVoplMRQNxyG82h4lNwWmV6Y=",
      "last_login": null,
      "is_superuser": false,
      "is_staff": false,
      "is_active": true,
      "date_joined": "2021-11-03T00:30:37.245Z",
      "email": "williamlaw@yahoo.com",
      "first_name": "William",
      "last_name": "Law",
      "is_instructor": true,
      "groups": [],
      "user_permissions": []
    }
  },
  {
    "model": "users.customuser",
    "pk": 17,
    "fields": {
      "password": "pbkdf2_sha256$260000$23BOFbXZ9J4EFYhT2YWsQ2$fmnSLfWU7bU6WcsOhH6sbIlEHn+UZ+Xe/z8yqePdbRE=",
      "last_login": "2021-11-23T18:14:34.807Z",
      "is_superuser": false,
      "is_staff": false,
      "is_active": true,
      "date_joined": "2021-11-03T00:31:16.347Z",
      "email": "angelalaurie@info.co",
      "first_name": "Angela",
      "last_name": "Laurie",
      "is_instructor": true,
      "groups": [],
      "user_permissions": []
    }
  },
  {
    "model": "users.customuser",
    "pk": 18,
    "fields": {
      "password": "pbkdf2_sha256$260000$p4ODVL1J2C2IFsspJx8JFl$ZFaa5Yp7t0Bu75h0cqqpjiqp65NIA9duq4ZWGiDGCY4=",
      "last_login": null,
      "is_superuser": false,
      "is_staff": false,
      "is_active": true,
      "date_joined": "2021-11-03T20:04:14.186Z",
      "email": "paulandy@gmail.com",
      "first_name": "Paul",
      "last_name": "Andy",
      "is_instructor": true,
      "groups": [],
      "user_permissions": []
    }
  },
  {
    "model": "users.customuser",
    "pk": 19,
    "fields": {
      "password": "pbkdf2_sha256$260000$rJZ7LlndGhJwTCAEe8j5iJ$Jc7Qi7zcVm1K/iVfvHdRGDpoIfbIRhIEse0zPLttGtE=",
      "last_login": "2021-11-24T10:35:00.914Z",
      "is_superuser": false,
      "is_staff": false,
      "is_active": true,
      "date_joined": "2021-11-10T18:58:04.580Z",
      "email": "rubyvalentina@info.in",
      "first_name": "Ruby",
      "last_name": "Valentina",
      "is_instructor": false,
      "groups": [],
      "user_permissions": []
    }
  },
  {
    "model": "users.customuser",
    "pk": 20,
    "fields": {
      "password": "pbkdf2_sha256$390000$pyGD35YDKrFxiub2v7BihV$VdIgrHjRD+a6zThIc6QXxs4S2XmILabVuaxmisJloD4=",
      "last_login": "2023-03-03T09:32:19.190Z",
      "is_superuser": false,
      "is_staff": false,
      "is_active": true,
      "date_joined": "2022-12-22T14:12:27Z",
      "email": "billyjoe@gmail.com",
      "first_name": "Billy",
      "last_name": "Joe",
      "is_instructor": false,
      "groups": [],
      "user_permissions": []
    }
  },
  {
    "model": "users.customuser",
    "pk": 22,
    "fields": {
      "password": "pbkdf2_sha256$390000$YWH3PzykU71WmIgHAKb3C7$7A8gMRT7bDaAaIZ2A/ycLGzmbGDZLh329Or61VVhBa0=",
      "last_login": "2023-03-18T20:06:07.617Z",
      "is_superuser": false,
      "is_staff": false,
      "is_active": true,
      "date_joined": "2023-02-15T08:43:34.946Z",
      "email": "demouser@gmail.com",
      "first_name": "Demo",
      "last_name": "User",
      "is_instructor": false,
      "groups": [],
      "user_permissions": []
    }
  },
  {
    "model": "users.instructor",
    "pk": 1,
    "fields": {
      "user": 2,
      "profile_picture": "profile_pics/Jane_Doe.jpg",
      "expert_in": 2,
      "about": "<p>Hi,&nbsp;I&nbsp;am <strong>Jane Doe, </strong>Avid student of life!&nbsp;I&nbsp;love&nbsp;learning&nbsp;new&nbsp;things. What&#39;s great about music is that there are always new ways and things. I belive that the best way to learn is to teach. That&#39;s why I started actually. Now I teach to help others while I hone my own skills.</p>"
    }
  },
  {
    "model": "users.instructor",
    "pk": 2,
    "fields": {
      "user": 5,
      "profile_picture": "profile_pics/Daniel_Douglas.jpg",
      "expert_in": 1,
      "about": "<p style=\"text-align:justify\">I&nbsp;have&nbsp;worked&nbsp;as&nbsp;a&nbsp;freelance&nbsp;Illustrator&nbsp;since&nbsp;1993.&nbsp;I&nbsp;enjoyed&nbsp;doing&nbsp;a&nbsp;variety&nbsp;of&nbsp;work&nbsp;from&nbsp;being&nbsp;a&nbsp;courtroom&nbsp;sketch&nbsp;artist and animation character development artist, to illustrating corporate annual reports and children&#39;s books. I currently have illustrated books that are sold in Barnes and Noble and on Amazon.</p>"
    }
  },
  {
    "model": "users.instructor",
    "pk": 3,
    "fields": {
      "user": 4,
      "profile_picture": "profile_pics/Gloria_Wilt.jpg",
      "expert_in": 3,
      "about": "<p style=\"text-align:justify\">Hello, I am <strong>Gloria&nbsp;</strong>and I teach Photography&nbsp;and&nbsp;styling&nbsp; classes. I trained as a scientist, worked in Biotech and human vaccines, and after having my first baby, discovered the joys of Instagram and developed a new passion for photography. 7 years later, I now create beautiful imagery for designers and businesses (big and small) and help them advocate for themselves online and on social media.</p>"
    }
  },
  {
    "model": "users.instructor",
    "pk": 4,
    "fields": {
      "user": 6,
      "profile_picture": "profile_pics/Julia_Mundy.jpg",
      "expert_in": 2,
      "about": "<p style=\"text-align:justify\">Throughout&nbsp;her&nbsp;illustrious,&nbsp;decorated&nbsp;career, Mundy &quot;The Guru as refered to by fans and clients alike has resoundingly earned her reputation as one of the most renowned recording and mixing engineers in music today, having worked with artists such as Jay-Z, Beyonce, Rick Ross, Drake, T.I., Kanye West and Eminem.</p>"
    }
  },
  {
    "model": "users.instructor",
    "pk": 5,
    "fields": {
      "user": 17,
      "profile_picture": "profile_pics/Angela_Laurie.jpg",
      "expert_in": 5,
      "about": "<p style=\"text-align:justify\">I am an author, Youtuber, and speaker who is passionate about helping students succeed. Most of my work today is done at College Info Geek - a site I created in 2010 in order to share my experience in becoming a more effective student.</p>"
    }
  },
  {
    "model": "users.instructor",
    "pk": 6,
    "fields": {
      "user": 15,
      "profile_picture": "profile_pics/Edward_Blasen.jpg",
      "expert_in": 5,
      "about": "<p style=\"text-align:justify\">Hi.&nbsp;I&nbsp;am&nbsp;the&nbsp;author&nbsp;of&nbsp;best-seller &quot;What a Time to be Alive&quot;, an empowering call to arms for people everywhere to claim back themselves and focus on the benefits of finding oneself.</p>"
    }
  },
  {
    "model": "users.instructor",
    "pk": 7,
    "fields": {
      "user": 1,
      "profile_picture": "profile_pics/Tomiwa_Joseph.jpg",
      "expert_in": 4,
      "about": "<p style=\"text-align:justify\">Hi,&nbsp;I&nbsp;am <strong>Tomiwa Joseph, </strong>Avid student of life! I love learning new things. What&#39;s great about code is that there are always new ways and things. I believe that the best way to learn is to teach. That&#39;s why I started actually. Now I teach to help others while I hone my own skills.</p>"
    }
  },
  {
    "model": "users.instructor",
    "pk": 8,
    "fields": {
      "user": 10,
      "profile_picture": "profile_pics/Theresa_Rolland.jpg",
      "expert_in": 4,
      "about": "<p style=\"text-align:justify\">Hi,&nbsp;I&nbsp;am <strong>Theresa Rolland, </strong>Avid student of life! I love learning new things. What&#39;s great about code is that there are always new ways and things. I believe that the best way to learn is to teach. That&#39;s why I started actually. Now I teach to help others while I hone my own skills.</p>"
    }
  },
  {
    "model": "users.instructor",
    "pk": 9,
    "fields": {
      "user": 9,
      "profile_picture": "profile_pics/James_Edmonds.jpg",
      "expert_in": 4,
      "about": "<p style=\"text-align:justify\">Hi,&nbsp;I&nbsp;am <strong>James Edmond, </strong>Avid student of life! I love learning new things. What&#39;s great about code is that there are always new ways and things. I believe that the best way to learn is to teach. That&#39;s why I started actually. Now I teach to help others while I hone my own skills.</p>"
    }
  },
  {
    "model": "users.instructor",
    "pk": 10,
    "fields": {
      "user": 16,
      "profile_picture": "profile_pics/William_Law.jpg",
      "expert_in": 1,
      "about": "<p style=\"text-align:justify\">Hi,&nbsp;I&nbsp;am&nbsp;a&nbsp;podcaster&nbsp;that is always evolving but forever rooted in whimsical narrative and modern graphics. I do digital paintings for a living. Welcome to my class.</p>"
    }
  },
  {
    "model": "users.instructor",
    "pk": 11,
    "fields": {
      "user": 8,
      "profile_picture": "profile_pics/Tangela_Taylor.jpg",
      "expert_in": 6,
      "about": "<p style=\"text-align:justify\">I&nbsp;am <strong>Tangela Taylor</strong> and I make small business <strong>FUN</strong>. I want you to learn how to have fun in every aspect of your business and my classes are built around fun, actionable projects.</p>\r\n\r\n<p style=\"text-align:justify\">Ready to make your business fun? Join me!</p>"
    }
  },
  {
    "model": "users.instructor",
    "pk": 12,
    "fields": {
      "user": 11,
      "profile_picture": "profile_pics/Rodrigo_Schneider.jpg",
      "expert_in": 7,
      "about": "<p>Hi.&nbsp;I&nbsp;am&nbsp;<strong>Wells&nbsp;Jorge</strong>.&nbsp;I&nbsp;have&nbsp;been&nbsp;doing&nbsp;IT&nbsp;operations and software development for 30 years. I have worked as a Software Developer, Software Development Manager, Software Architect and as an Operations Manager.</p>"
    }
  },
  {
    "model": "users.instructor",
    "pk": 13,
    "fields": {
      "user": 18,
      "profile_picture": "profile_pics/Paul_Andy.jpg",
      "expert_in": 7,
      "about": "<p>Hi. I am <strong>Paul Andy</strong>. I have been doing IT operations and software development for 30 years. I have worked as a Software Developer, Software Development Manager, Software Architect and as an Operations Manager.</p>"
    }
  },
  {
    "model": "users.instructor",
    "pk": 14,
    "fields": {
      "user": 13,
      "profile_picture": "profile_pics/Courtney_Sweney.jpg",
      "expert_in": 1,
      "about": "<p style=\"text-align:justify\">I&nbsp;have&nbsp;worked&nbsp;as&nbsp;a&nbsp;freelance&nbsp;Illustrator&nbsp;since 1993. I enjoyed doing a variety of work from being a courtroom sketch artist and animation character development artist, to illustrating corporate annual reports and children&#39;s books. I currently have illustrated books that are sold in Barnes and Noble and also on Amazon.</p>"
    }
  },
  {
    "model": "users.profile",
    "pk": 1,
    "fields": {
      "user": 4,
      "courses_bought": []
    }
  },
  {
    "model": "users.profile",
    "pk": 2,
    "fields": {
      "user": 3,
      "courses_bought": []
    }
  },
  {
    "model": "users.profile",
    "pk": 3,
    "fields": {
      "user": 2,
      "courses_bought": [1, 2, 3, 4, 5, 6, 7, 8, 9, 10, 11, 12, 13, 14, 22]
    }
  },
  {
    "model": "users.profile",
    "pk": 4,
    "fields": {
      "user": 1,
      "courses_bought": [1, 2, 4, 5, 6, 7, 8, 9, 10, 11, 12, 13, 14, 22]
    }
  },
  {
    "model": "users.profile",
    "pk": 5,
    "fields": {
      "user": 5,
      "courses_bought": [1, 13, 14]
    }
  },
  {
    "model": "users.profile",
    "pk": 6,
    "fields": {
      "user": 6,
      "courses_bought": []
    }
  },
  {
    "model": "users.profile",
    "pk": 7,
    "fields": {
      "user": 7,
      "courses_bought": []
    }
  },
  {
    "model": "users.profile",
    "pk": 8,
    "fields": {
      "user": 8,
      "courses_bought": []
    }
  },
  {
    "model": "users.profile",
    "pk": 9,
    "fields": {
      "user": 9,
      "courses_bought": []
    }
  },
  {
    "model": "users.profile",
    "pk": 10,
    "fields": {
      "user": 10,
      "courses_bought": []
    }
  },
  {
    "model": "users.profile",
    "pk": 11,
    "fields": {
      "user": 11,
      "courses_bought": []
    }
  },
  {
    "model": "users.profile",
    "pk": 12,
    "fields": {
      "user": 12,
      "courses_bought": []
    }
  },
  {
    "model": "users.profile",
    "pk": 13,
    "fields": {
      "user": 13,
      "courses_bought": []
    }
  },
  {
    "model": "users.profile",
    "pk": 14,
    "fields": {
      "user": 14,
      "courses_bought": []
    }
  },
  {
    "model": "users.profile",
    "pk": 15,
    "fields": {
      "user": 15,
      "courses_bought": []
    }
  },
  {
    "model": "users.profile",
    "pk": 16,
    "fields": {
      "user": 16,
      "courses_bought": []
    }
  },
  {
    "model": "users.profile",
    "pk": 17,
    "fields": {
      "user": 17,
      "courses_bought": []
    }
  },
  {
    "model": "users.profile",
    "pk": 18,
    "fields": {
      "user": 18,
      "courses_bought": []
    }
  },
  {
    "model": "users.profile",
    "pk": 19,
    "fields": {
      "user": 19,
      "courses_bought": [5]
    }
  },
  {
    "model": "users.profile",
    "pk": 20,
    "fields": {
      "user": 20,
      "courses_bought": [3]
    }
  },
  {
    "model": "users.profile",
    "pk": 21,
    "fields": {
      "user": 22,
      "courses_bought": [5, 13]
    }
  },
  {
    "model": "users.bookmarklist",
    "pk": 1,
    "fields": {
      "user": 1,
      "folder": [1, 4, 5, 13]
    }
  },
  {
    "model": "users.bookmarklist",
    "pk": 3,
    "fields": {
      "user": 7,
      "folder": [5]
    }
  },
  {
    "model": "main.newsletter",
    "pk": 1,
    "fields": {
      "email": "johnsmith@gmail.com",
      "date_created": "2022-05-03T20:30:34.651Z"
    }
  },
  {
    "model": "main.newsletter",
    "pk": 2,
    "fields": {
      "email": "janedoe@gmail.com",
      "date_created": "2022-05-03T20:32:12.523Z"
    }
  },
  {
    "model": "main.newsletter",
    "pk": 3,
    "fields": {
      "email": "tomiwajoseph88@gmail.com",
      "date_created": "2022-05-03T20:37:26.126Z"
    }
  },
  {
    "model": "main.landingpagepictures",
    "pk": 3,
    "fields": {
      "caption": "\"Learning has nothing to do with age.\"",
      "image": "landing_page_pictures/learning-has-nothing-to-do-with-age.jpg",
      "slug": "learning-has-nothing-to-do-with-age"
    }
  },
  {
    "model": "main.landingpagepictures",
    "pk": 4,
    "fields": {
      "caption": "\"You'd be surprised as to what learning really is\"",
      "image": "landing_page_pictures/youd-be-surprised-as-to-what-learning-really-is.jpg",
      "slug": "youd-be-surprised-as-to-what-learning-really-is"
    }
  },
  {
    "model": "main.landingpagepictures",
    "pk": 5,
    "fields": {
      "caption": "\"Learning never exhausts the mind.\"",
      "image": "landing_page_pictures/learning-never-exhausts-the-mind.jpg",
      "slug": "learning-never-exhausts-the-mind"
    }
  },
  {
    "model": "main.landingpagepictures",
    "pk": 6,
    "fields": {
      "caption": "\"I am still learning.\" - Michelangelo",
      "image": "landing_page_pictures/i-am-still-learning-michelangelo.jpg",
      "slug": "i-am-still-learning-michelangelo"
    }
  },
  {
    "model": "main.landingpagepictures",
    "pk": 7,
    "fields": {
      "caption": "\"Being a student is easy. Learning requires actual work.\"",
      "image": "landing_page_pictures/being-a-student-is-easy-learning-requires-actual-work.jpg",
      "slug": "being-a-student-is-easy-learning-requires-actual-work"
    }
  },
  {
    "model": "main.landingpagepictures",
    "pk": 8,
    "fields": {
      "caption": "\"In youth we learn; in age we understand\"",
      "image": "landing_page_pictures/in-youth-we-learn-in-age-we-understand.jpg",
      "slug": "in-youth-we-learn-in-age-we-understand"
    }
  },
  {
    "model": "main.instructorpagepictures",
    "pk": 1,
    "fields": {
      "image": "instructor_page_pictures/pexels-rodnae-productions-7092613.jpg"
    }
  },
  {
    "model": "main.instructorpagepictures",
    "pk": 2,
    "fields": {
      "image": "instructor_page_pictures/pexels-andrea-piacquadio-3769714.jpg"
    }
  },
  {
    "model": "main.instructorpagepictures",
    "pk": 3,
    "fields": {
      "image": "instructor_page_pictures/pexels-max-fischer-5212320.jpg"
    }
  },
  {
    "model": "main.instructorpagepictures",
    "pk": 4,
    "fields": {
      "image": "instructor_page_pictures/pexels-andrea-piacquadio-3771074.jpg"
    }
  },
  {
    "model": "admin.logentry",
    "pk": 2,
    "fields": {
      "action_time": "2023-02-14T20:41:18.248Z",
      "user": 1,
      "content_type": 6,
      "object_id": "20",
      "object_repr": "Billy Joe",
      "action_flag": 2,
      "change_message": "[]"
    }
  },
  {
    "model": "admin.logentry",
    "pk": 3,
    "fields": {
      "action_time": "2023-02-14T20:42:38.276Z",
      "user": 1,
      "content_type": 6,
      "object_id": "20",
      "object_repr": "Billy Joe",
      "action_flag": 2,
      "change_message": "[]"
    }
  },
  {
    "model": "admin.logentry",
    "pk": 4,
    "fields": {
      "action_time": "2023-02-15T07:33:02.989Z",
      "user": 1,
      "content_type": 5,
      "object_id": "42",
      "object_repr": "Piano Improvisation - Fundamentals for Creating Music on the Spot - Piano Basics's content",
      "action_flag": 1,
      "change_message": "[{\"added\": {}}]"
    }
  },
  {
    "model": "admin.logentry",
    "pk": 5,
    "fields": {
      "action_time": "2023-02-15T07:34:21.693Z",
      "user": 1,
      "content_type": 5,
      "object_id": "43",
      "object_repr": "Piano Improvisation - Fundamentals for Creating Music on the Spot - Taking Chords to Another Level's content",
      "action_flag": 1,
      "change_message": "[{\"added\": {}}]"
    }
  },
  {
    "model": "admin.logentry",
    "pk": 6,
    "fields": {
      "action_time": "2023-02-15T07:35:20.661Z",
      "user": 1,
      "content_type": 5,
      "object_id": "44",
      "object_repr": "Piano Improvisation - Fundamentals for Creating Music on the Spot - Chord Patterns & Techniques's content",
      "action_flag": 1,
      "change_message": "[{\"added\": {}}]"
    }
  },
  {
    "model": "admin.logentry",
    "pk": 7,
    "fields": {
      "action_time": "2023-02-15T07:38:47.293Z",
      "user": 1,
      "content_type": 5,
      "object_id": "45",
      "object_repr": "Piano Improvisation - Fundamentals for Creating Music on the Spot - Suspension & Passing Chords's content",
      "action_flag": 1,
      "change_message": "[{\"added\": {}}]"
    }
  },
  {
    "model": "admin.logentry",
    "pk": 8,
    "fields": {
      "action_time": "2023-02-15T07:39:53.472Z",
      "user": 1,
      "content_type": 5,
      "object_id": "45",
      "object_repr": "Piano Improvisation - Fundamentals for Creating Music on the Spot - Suspension & Passing Chords's content",
      "action_flag": 2,
      "change_message": "[{\"changed\": {\"fields\": [\"Title\"]}}]"
    }
  },
  {
    "model": "admin.logentry",
    "pk": 9,
    "fields": {
      "action_time": "2023-02-15T07:40:18.001Z",
      "user": 1,
      "content_type": 5,
      "object_id": "46",
      "object_repr": "Piano Improvisation - Fundamentals for Creating Music on the Spot - Suspension & Passing Chords's content",
      "action_flag": 1,
      "change_message": "[{\"added\": {}}]"
    }
  },
  {
    "model": "admin.logentry",
    "pk": 10,
    "fields": {
      "action_time": "2023-02-15T07:40:33.259Z",
      "user": 1,
      "content_type": 5,
      "object_id": "45",
      "object_repr": "Piano Improvisation - Fundamentals for Creating Music on the Spot - Suspension & Passing Chords's content",
      "action_flag": 2,
      "change_message": "[{\"changed\": {\"fields\": [\"Content description\"]}}]"
    }
  },
  {
    "model": "admin.logentry",
    "pk": 11,
    "fields": {
      "action_time": "2023-02-15T08:40:51.667Z",
      "user": 1,
      "content_type": 6,
      "object_id": "21",
      "object_repr": "Demo User",
      "action_flag": 3,
      "change_message": ""
    }
  },
  {
    "model": "admin.logentry",
    "pk": 12,
    "fields": {
      "action_time": "2023-02-15T09:37:43.515Z",
      "user": 1,
      "content_type": 18,
      "object_id": "32",
      "object_repr": "composition",
      "action_flag": 3,
      "change_message": ""
    }
  },
  {
    "model": "admin.logentry",
    "pk": 13,
    "fields": {
      "action_time": "2023-02-15T09:38:51.255Z",
      "user": 1,
      "content_type": 2,
      "object_id": "1",
      "object_repr": "Piano Improvisation - Fundamentals for Creating Music on the Spot",
      "action_flag": 2,
      "change_message": "[{\"changed\": {\"fields\": [\"Instructor\", \"Tags\"]}}]"
    }
  },
  {
    "model": "admin.logentry",
    "pk": 14,
    "fields": {
      "action_time": "2023-02-15T09:41:18.306Z",
      "user": 1,
      "content_type": 18,
      "object_id": "9",
      "object_repr": "Author",
      "action_flag": 3,
      "change_message": ""
    }
  },
  {
    "model": "admin.logentry",
    "pk": 15,
    "fields": {
      "action_time": "2023-02-15T09:41:18.319Z",
      "user": 1,
      "content_type": 18,
      "object_id": "56",
      "object_repr": "Basics",
      "action_flag": 3,
      "change_message": ""
    }
  },
  {
    "model": "admin.logentry",
    "pk": 16,
    "fields": {
      "action_time": "2023-02-15T09:41:18.333Z",
      "user": 1,
      "content_type": 18,
      "object_id": "40",
      "object_repr": "Branding",
      "action_flag": 3,
      "change_message": ""
    }
  },
  {
    "model": "admin.logentry",
    "pk": 17,
    "fields": {
      "action_time": "2023-02-15T09:41:18.347Z",
      "user": 1,
      "content_type": 18,
      "object_id": "41",
      "object_repr": "Business",
      "action_flag": 3,
      "change_message": ""
    }
  },
  {
    "model": "admin.logentry",
    "pk": 18,
    "fields": {
      "action_time": "2023-02-15T09:41:18.362Z",
      "user": 1,
      "content_type": 18,
      "object_id": "55",
      "object_repr": "CSS",
      "action_flag": 3,
      "change_message": ""
    }
  },
  {
    "model": "admin.logentry",
    "pk": 19,
    "fields": {
      "action_time": "2023-02-15T09:41:18.375Z",
      "user": 1,
      "content_type": 18,
      "object_id": "52",
      "object_repr": "Cloud Computing",
      "action_flag": 3,
      "change_message": ""
    }
  },
  {
    "model": "admin.logentry",
    "pk": 20,
    "fields": {
      "action_time": "2023-02-15T09:41:18.390Z",
      "user": 1,
      "content_type": 18,
      "object_id": "10",
      "object_repr": "Coder",
      "action_flag": 3,
      "change_message": ""
    }
  },
  {
    "model": "admin.logentry",
    "pk": 21,
    "fields": {
      "action_time": "2023-02-15T09:41:18.405Z",
      "user": 1,
      "content_type": 18,
      "object_id": "1",
      "object_repr": "Composer",
      "action_flag": 3,
      "change_message": ""
    }
  },
  {
    "model": "admin.logentry",
    "pk": 22,
    "fields": {
      "action_time": "2023-02-15T09:41:18.419Z",
      "user": 1,
      "content_type": 18,
      "object_id": "17",
      "object_repr": "Composition",
      "action_flag": 3,
      "change_message": ""
    }
  },
  {
    "model": "admin.logentry",
    "pk": 23,
    "fields": {
      "action_time": "2023-02-15T09:41:18.433Z",
      "user": 1,
      "content_type": 18,
      "object_id": "61",
      "object_repr": "Concept Art",
      "action_flag": 3,
      "change_message": ""
    }
  },
  {
    "model": "admin.logentry",
    "pk": 24,
    "fields": {
      "action_time": "2023-02-15T09:41:18.447Z",
      "user": 1,
      "content_type": 18,
      "object_id": "59",
      "object_repr": "Concept Artist",
      "action_flag": 3,
      "change_message": ""
    }
  },
  {
    "model": "admin.logentry",
    "pk": 25,
    "fields": {
      "action_time": "2023-02-15T09:41:18.461Z",
      "user": 1,
      "content_type": 18,
      "object_id": "37",
      "object_repr": "Creativity",
      "action_flag": 3,
      "change_message": ""
    }
  },
  {
    "model": "admin.logentry",
    "pk": 26,
    "fields": {
      "action_time": "2023-02-15T09:41:18.475Z",
      "user": 1,
      "content_type": 18,
      "object_id": "63",
      "object_repr": "Digital Artist",
      "action_flag": 3,
      "change_message": ""
    }
  },
  {
    "model": "admin.logentry",
    "pk": 27,
    "fields": {
      "action_time": "2023-02-15T09:41:18.488Z",
      "user": 1,
      "content_type": 18,
      "object_id": "60",
      "object_repr": "Digital Painting",
      "action_flag": 3,
      "change_message": ""
    }
  },
  {
    "model": "admin.logentry",
    "pk": 28,
    "fields": {
      "action_time": "2023-02-15T09:41:18.503Z",
      "user": 1,
      "content_type": 18,
      "object_id": "16",
      "object_repr": "Expert",
      "action_flag": 3,
      "change_message": ""
    }
  },
  {
    "model": "admin.logentry",
    "pk": 29,
    "fields": {
      "action_time": "2023-02-15T09:41:18.517Z",
      "user": 1,
      "content_type": 18,
      "object_id": "4",
      "object_repr": "Freelancer",
      "action_flag": 3,
      "change_message": ""
    }
  },
  {
    "model": "admin.logentry",
    "pk": 30,
    "fields": {
      "action_time": "2023-02-15T09:41:18.531Z",
      "user": 1,
      "content_type": 18,
      "object_id": "51",
      "object_repr": "Front-End",
      "action_flag": 3,
      "change_message": ""
    }
  },
  {
    "model": "admin.logentry",
    "pk": 31,
    "fields": {
      "action_time": "2023-02-15T09:41:18.546Z",
      "user": 1,
      "content_type": 18,
      "object_id": "54",
      "object_repr": "Google",
      "action_flag": 3,
      "change_message": ""
    }
  },
  {
    "model": "admin.logentry",
    "pk": 32,
    "fields": {
      "action_time": "2023-02-15T09:41:18.560Z",
      "user": 1,
      "content_type": 18,
      "object_id": "57",
      "object_repr": "HTML",
      "action_flag": 3,
      "change_message": ""
    }
  },
  {
    "model": "admin.logentry",
    "pk": 33,
    "fields": {
      "action_time": "2023-02-15T09:41:18.574Z",
      "user": 1,
      "content_type": 18,
      "object_id": "42",
      "object_repr": "Health & Wellness",
      "action_flag": 3,
      "change_message": ""
    }
  },
  {
    "model": "admin.logentry",
    "pk": 34,
    "fields": {
      "action_time": "2023-02-15T09:41:18.587Z",
      "user": 1,
      "content_type": 18,
      "object_id": "15",
      "object_repr": "IT",
      "action_flag": 3,
      "change_message": ""
    }
  },
  {
    "model": "admin.logentry",
    "pk": 35,
    "fields": {
      "action_time": "2023-02-15T09:41:18.601Z",
      "user": 1,
      "content_type": 18,
      "object_id": "3",
      "object_repr": "Illustrator",
      "action_flag": 3,
      "change_message": ""
    }
  },
  {
    "model": "admin.logentry",
    "pk": 36,
    "fields": {
      "action_time": "2023-02-15T09:41:18.616Z",
      "user": 1,
      "content_type": 18,
      "object_id": "53",
      "object_repr": "Information Technology",
      "action_flag": 3,
      "change_message": ""
    }
  },
  {
    "model": "admin.logentry",
    "pk": 37,
    "fields": {
      "action_time": "2023-02-15T09:41:18.630Z",
      "user": 1,
      "content_type": 18,
      "object_id": "46",
      "object_repr": "JavaScript",
      "action_flag": 3,
      "change_message": ""
    }
  },
  {
    "model": "admin.logentry",
    "pk": 38,
    "fields": {
      "action_time": "2023-02-15T09:41:18.646Z",
      "user": 1,
      "content_type": 18,
      "object_id": "20",
      "object_repr": "Jazz",
      "action_flag": 3,
      "change_message": ""
    }
  },
  {
    "model": "admin.logentry",
    "pk": 39,
    "fields": {
      "action_time": "2023-02-15T09:41:18.660Z",
      "user": 1,
      "content_type": 18,
      "object_id": "43",
      "object_repr": "Lifestyle",
      "action_flag": 3,
      "change_message": ""
    }
  },
  {
    "model": "admin.logentry",
    "pk": 40,
    "fields": {
      "action_time": "2023-02-15T09:41:18.679Z",
      "user": 1,
      "content_type": 18,
      "object_id": "14",
      "object_repr": "Marketer",
      "action_flag": 3,
      "change_message": ""
    }
  },
  {
    "model": "admin.logentry",
    "pk": 41,
    "fields": {
      "action_time": "2023-02-15T09:41:18.692Z",
      "user": 1,
      "content_type": 18,
      "object_id": "38",
      "object_repr": "Marketing",
      "action_flag": 3,
      "change_message": ""
    }
  },
  {
    "model": "admin.logentry",
    "pk": 42,
    "fields": {
      "action_time": "2023-02-15T09:41:18.707Z",
      "user": 1,
      "content_type": 18,
      "object_id": "6",
      "object_repr": "Mixing Engineer",
      "action_flag": 3,
      "change_message": ""
    }
  },
  {
    "model": "admin.logentry",
    "pk": 43,
    "fields": {
      "action_time": "2023-02-15T09:41:18.720Z",
      "user": 1,
      "content_type": 18,
      "object_id": "18",
      "object_repr": "Music",
      "action_flag": 3,
      "change_message": ""
    }
  },
  {
    "model": "admin.logentry",
    "pk": 44,
    "fields": {
      "action_time": "2023-02-15T09:41:18.733Z",
      "user": 1,
      "content_type": 18,
      "object_id": "58",
      "object_repr": "Painter",
      "action_flag": 3,
      "change_message": ""
    }
  },
  {
    "model": "admin.logentry",
    "pk": 45,
    "fields": {
      "action_time": "2023-02-15T09:41:18.747Z",
      "user": 1,
      "content_type": 18,
      "object_id": "35",
      "object_repr": "Personal Development",
      "action_flag": 3,
      "change_message": ""
    }
  },
  {
    "model": "admin.logentry",
    "pk": 46,
    "fields": {
      "action_time": "2023-02-15T09:41:18.761Z",
      "user": 1,
      "content_type": 18,
      "object_id": "5",
      "object_repr": "Photog",
      "action_flag": 3,
      "change_message": ""
    }
  },
  {
    "model": "admin.logentry",
    "pk": 47,
    "fields": {
      "action_time": "2023-02-15T09:41:18.775Z",
      "user": 1,
      "content_type": 18,
      "object_id": "62",
      "object_repr": "Photoshop",
      "action_flag": 3,
      "change_message": ""
    }
  },
  {
    "model": "admin.logentry",
    "pk": 48,
    "fields": {
      "action_time": "2023-02-15T09:41:18.789Z",
      "user": 1,
      "content_type": 18,
      "object_id": "2",
      "object_repr": "Pianist",
      "action_flag": 3,
      "change_message": ""
    }
  },
  {
    "model": "admin.logentry",
    "pk": 49,
    "fields": {
      "action_time": "2023-02-15T09:41:18.802Z",
      "user": 1,
      "content_type": 18,
      "object_id": "19",
      "object_repr": "Piano",
      "action_flag": 3,
      "change_message": ""
    }
  },
  {
    "model": "admin.logentry",
    "pk": 50,
    "fields": {
      "action_time": "2023-02-15T09:41:18.816Z",
      "user": 1,
      "content_type": 18,
      "object_id": "13",
      "object_repr": "Podcaster",
      "action_flag": 3,
      "change_message": ""
    }
  },
  {
    "model": "admin.logentry",
    "pk": 51,
    "fields": {
      "action_time": "2023-02-15T09:41:18.829Z",
      "user": 1,
      "content_type": 18,
      "object_id": "7",
      "object_repr": "Psychology Expert",
      "action_flag": 3,
      "change_message": ""
    }
  },
  {
    "model": "admin.logentry",
    "pk": 52,
    "fields": {
      "action_time": "2023-02-15T09:41:18.841Z",
      "user": 1,
      "content_type": 18,
      "object_id": "47",
      "object_repr": "React",
      "action_flag": 3,
      "change_message": ""
    }
  },
  {
    "model": "admin.logentry",
    "pk": 53,
    "fields": {
      "action_time": "2023-02-15T09:41:18.855Z",
      "user": 1,
      "content_type": 18,
      "object_id": "36",
      "object_repr": "Self Development",
      "action_flag": 3,
      "change_message": ""
    }
  },
  {
    "model": "admin.logentry",
    "pk": 54,
    "fields": {
      "action_time": "2023-02-15T09:41:18.867Z",
      "user": 1,
      "content_type": 18,
      "object_id": "45",
      "object_repr": "Self Esteem",
      "action_flag": 3,
      "change_message": ""
    }
  },
  {
    "model": "admin.logentry",
    "pk": 55,
    "fields": {
      "action_time": "2023-02-15T09:41:18.881Z",
      "user": 1,
      "content_type": 18,
      "object_id": "44",
      "object_repr": "Self-care",
      "action_flag": 3,
      "change_message": ""
    }
  },
  {
    "model": "admin.logentry",
    "pk": 56,
    "fields": {
      "action_time": "2023-02-15T09:41:18.896Z",
      "user": 1,
      "content_type": 18,
      "object_id": "39",
      "object_repr": "Small Business Marketing",
      "action_flag": 3,
      "change_message": ""
    }
  },
  {
    "model": "admin.logentry",
    "pk": 57,
    "fields": {
      "action_time": "2023-02-15T09:41:18.910Z",
      "user": 1,
      "content_type": 18,
      "object_id": "11",
      "object_repr": "Software Engineer",
      "action_flag": 3,
      "change_message": ""
    }
  },
  {
    "model": "admin.logentry",
    "pk": 58,
    "fields": {
      "action_time": "2023-02-15T09:41:18.924Z",
      "user": 1,
      "content_type": 18,
      "object_id": "12",
      "object_repr": "Teacher",
      "action_flag": 3,
      "change_message": ""
    }
  },
  {
    "model": "admin.logentry",
    "pk": 59,
    "fields": {
      "action_time": "2023-02-15T09:41:18.937Z",
      "user": 1,
      "content_type": 18,
      "object_id": "49",
      "object_repr": "Technology",
      "action_flag": 3,
      "change_message": ""
    }
  },
  {
    "model": "admin.logentry",
    "pk": 60,
    "fields": {
      "action_time": "2023-02-15T09:41:18.951Z",
      "user": 1,
      "content_type": 18,
      "object_id": "50",
      "object_repr": "UI",
      "action_flag": 3,
      "change_message": ""
    }
  },
  {
    "model": "admin.logentry",
    "pk": 61,
    "fields": {
      "action_time": "2023-02-15T09:41:18.970Z",
      "user": 1,
      "content_type": 18,
      "object_id": "64",
      "object_repr": "Web Design",
      "action_flag": 3,
      "change_message": ""
    }
  },
  {
    "model": "admin.logentry",
    "pk": 62,
    "fields": {
      "action_time": "2023-02-15T09:41:18.986Z",
      "user": 1,
      "content_type": 18,
      "object_id": "48",
      "object_repr": "Web Development",
      "action_flag": 3,
      "change_message": ""
    }
  },
  {
    "model": "admin.logentry",
    "pk": 63,
    "fields": {
      "action_time": "2023-02-15T09:41:19.001Z",
      "user": 1,
      "content_type": 18,
      "object_id": "8",
      "object_repr": "Youtuber",
      "action_flag": 3,
      "change_message": ""
    }
  },
  {
    "model": "admin.logentry",
    "pk": 64,
    "fields": {
      "action_time": "2023-02-15T09:41:32.953Z",
      "user": 1,
      "content_type": 18,
      "object_id": "71",
      "object_repr": "piano",
      "action_flag": 2,
      "change_message": "[{\"changed\": {\"fields\": [\"Slug\"]}}]"
    }
  },
  {
    "model": "admin.logentry",
    "pk": 65,
    "fields": {
      "action_time": "2023-02-15T09:42:32.450Z",
      "user": 1,
      "content_type": 18,
      "object_id": "29",
      "object_repr": "architecture",
      "action_flag": 3,
      "change_message": ""
    }
  },
  {
    "model": "admin.logentry",
    "pk": 66,
    "fields": {
      "action_time": "2023-02-15T09:42:32.464Z",
      "user": 1,
      "content_type": 18,
      "object_id": "23",
      "object_repr": "backend",
      "action_flag": 3,
      "change_message": ""
    }
  },
  {
    "model": "admin.logentry",
    "pk": 67,
    "fields": {
      "action_time": "2023-02-15T09:42:32.478Z",
      "user": 1,
      "content_type": 18,
      "object_id": "65",
      "object_repr": "brushwork",
      "action_flag": 3,
      "change_message": ""
    }
  },
  {
    "model": "admin.logentry",
    "pk": 68,
    "fields": {
      "action_time": "2023-02-15T09:42:32.493Z",
      "user": 1,
      "content_type": 18,
      "object_id": "69",
      "object_repr": "color",
      "action_flag": 3,
      "change_message": ""
    }
  },
  {
    "model": "admin.logentry",
    "pk": 69,
    "fields": {
      "action_time": "2023-02-15T09:42:32.507Z",
      "user": 1,
      "content_type": 18,
      "object_id": "74",
      "object_repr": "composition",
      "action_flag": 3,
      "change_message": ""
    }
  },
  {
    "model": "admin.logentry",
    "pk": 70,
    "fields": {
      "action_time": "2023-02-15T09:42:32.522Z",
      "user": 1,
      "content_type": 18,
      "object_id": "72",
      "object_repr": "creativity",
      "action_flag": 3,
      "change_message": ""
    }
  },
  {
    "model": "admin.logentry",
    "pk": 71,
    "fields": {
      "action_time": "2023-02-15T09:42:32.535Z",
      "user": 1,
      "content_type": 18,
      "object_id": "70",
      "object_repr": "digital",
      "action_flag": 3,
      "change_message": ""
    }
  },
  {
    "model": "admin.logentry",
    "pk": 72,
    "fields": {
      "action_time": "2023-02-15T09:42:32.550Z",
      "user": 1,
      "content_type": 18,
      "object_id": "30",
      "object_repr": "digital painting",
      "action_flag": 3,
      "change_message": ""
    }
  },
  {
    "model": "admin.logentry",
    "pk": 73,
    "fields": {
      "action_time": "2023-02-15T09:42:32.563Z",
      "user": 1,
      "content_type": 18,
      "object_id": "21",
      "object_repr": "django",
      "action_flag": 3,
      "change_message": ""
    }
  },
  {
    "model": "admin.logentry",
    "pk": 74,
    "fields": {
      "action_time": "2023-02-15T09:42:32.578Z",
      "user": 1,
      "content_type": 18,
      "object_id": "68",
      "object_repr": "fantasy landscape",
      "action_flag": 3,
      "change_message": ""
    }
  },
  {
    "model": "admin.logentry",
    "pk": 75,
    "fields": {
      "action_time": "2023-02-15T09:42:32.591Z",
      "user": 1,
      "content_type": 18,
      "object_id": "75",
      "object_repr": "jazz",
      "action_flag": 3,
      "change_message": ""
    }
  },
  {
    "model": "admin.logentry",
    "pk": 76,
    "fields": {
      "action_time": "2023-02-15T09:42:32.605Z",
      "user": 1,
      "content_type": 18,
      "object_id": "34",
      "object_repr": "landscape",
      "action_flag": 3,
      "change_message": ""
    }
  },
  {
    "model": "admin.logentry",
    "pk": 77,
    "fields": {
      "action_time": "2023-02-15T09:42:32.620Z",
      "user": 1,
      "content_type": 18,
      "object_id": "73",
      "object_repr": "music",
      "action_flag": 3,
      "change_message": ""
    }
  },
  {
    "model": "admin.logentry",
    "pk": 78,
    "fields": {
      "action_time": "2023-02-15T09:42:32.642Z",
      "user": 1,
      "content_type": 18,
      "object_id": "33",
      "object_repr": "painting",
      "action_flag": 3,
      "change_message": ""
    }
  },
  {
    "model": "admin.logentry",
    "pk": 79,
    "fields": {
      "action_time": "2023-02-15T09:42:32.660Z",
      "user": 1,
      "content_type": 18,
      "object_id": "27",
      "object_repr": "photographic composition",
      "action_flag": 3,
      "change_message": ""
    }
  },
  {
    "model": "admin.logentry",
    "pk": 80,
    "fields": {
      "action_time": "2023-02-15T09:42:32.674Z",
      "user": 1,
      "content_type": 18,
      "object_id": "28",
      "object_repr": "photography",
      "action_flag": 3,
      "change_message": ""
    }
  },
  {
    "model": "admin.logentry",
    "pk": 81,
    "fields": {
      "action_time": "2023-02-15T09:42:32.687Z",
      "user": 1,
      "content_type": 18,
      "object_id": "66",
      "object_repr": "photoshop",
      "action_flag": 3,
      "change_message": ""
    }
  },
  {
    "model": "admin.logentry",
    "pk": 82,
    "fields": {
      "action_time": "2023-02-15T09:42:32.701Z",
      "user": 1,
      "content_type": 18,
      "object_id": "71",
      "object_repr": "piano",
      "action_flag": 3,
      "change_message": ""
    }
  },
  {
    "model": "admin.logentry",
    "pk": 83,
    "fields": {
      "action_time": "2023-02-15T09:42:32.715Z",
      "user": 1,
      "content_type": 18,
      "object_id": "22",
      "object_repr": "python",
      "action_flag": 3,
      "change_message": ""
    }
  },
  {
    "model": "admin.logentry",
    "pk": 84,
    "fields": {
      "action_time": "2023-02-15T09:42:32.729Z",
      "user": 1,
      "content_type": 18,
      "object_id": "31",
      "object_repr": "seascape",
      "action_flag": 3,
      "change_message": ""
    }
  },
  {
    "model": "admin.logentry",
    "pk": 85,
    "fields": {
      "action_time": "2023-02-15T09:42:32.744Z",
      "user": 1,
      "content_type": 18,
      "object_id": "67",
      "object_repr": "still-life",
      "action_flag": 3,
      "change_message": ""
    }
  },
  {
    "model": "admin.logentry",
    "pk": 86,
    "fields": {
      "action_time": "2023-02-15T09:42:32.758Z",
      "user": 1,
      "content_type": 18,
      "object_id": "25",
      "object_repr": "technology",
      "action_flag": 3,
      "change_message": ""
    }
  },
  {
    "model": "admin.logentry",
    "pk": 87,
    "fields": {
      "action_time": "2023-02-15T09:42:32.773Z",
      "user": 1,
      "content_type": 18,
      "object_id": "26",
      "object_repr": "travel photography",
      "action_flag": 3,
      "change_message": ""
    }
  },
  {
    "model": "admin.logentry",
    "pk": 88,
    "fields": {
      "action_time": "2023-02-15T09:42:32.787Z",
      "user": 1,
      "content_type": 18,
      "object_id": "24",
      "object_repr": "web development",
      "action_flag": 3,
      "change_message": ""
    }
  },
  {
    "model": "admin.logentry",
    "pk": 89,
    "fields": {
      "action_time": "2023-02-15T09:42:42.564Z",
      "user": 1,
      "content_type": 2,
      "object_id": "1",
      "object_repr": "Piano Improvisation - Fundamentals for Creating Music on the Spot",
      "action_flag": 2,
      "change_message": "[{\"changed\": {\"fields\": [\"Tags\"]}}]"
    }
  },
  {
    "model": "admin.logentry",
    "pk": 90,
    "fields": {
      "action_time": "2023-02-15T09:45:32.234Z",
      "user": 1,
      "content_type": 2,
      "object_id": "2",
      "object_repr": "Try Django: Learn and Master the Web Framework",
      "action_flag": 2,
      "change_message": "[{\"changed\": {\"fields\": [\"Tags\"]}}]"
    }
  },
  {
    "model": "admin.logentry",
    "pk": 91,
    "fields": {
      "action_time": "2023-02-15T09:47:24.042Z",
      "user": 1,
      "content_type": 2,
      "object_id": "3",
      "object_repr": "Architecture Photography - How to Photograph Any Building",
      "action_flag": 2,
      "change_message": "[{\"changed\": {\"fields\": [\"Tags\"]}}]"
    }
  },
  {
    "model": "admin.logentry",
    "pk": 92,
    "fields": {
      "action_time": "2023-02-15T09:47:56.619Z",
      "user": 1,
      "content_type": 2,
      "object_id": "4",
      "object_repr": "Advanced Django (Python)",
      "action_flag": 2,
      "change_message": "[{\"changed\": {\"fields\": [\"About the course\", \"Tags\"]}}]"
    }
  },
  {
    "model": "admin.logentry",
    "pk": 93,
    "fields": {
      "action_time": "2023-02-15T09:48:38.509Z",
      "user": 1,
      "content_type": 2,
      "object_id": "5",
      "object_repr": "Paint Beautiful Landscapes with Photoshop",
      "action_flag": 2,
      "change_message": "[{\"changed\": {\"fields\": [\"Tags\"]}}]"
    }
  },
  {
    "model": "admin.logentry",
    "pk": 94,
    "fields": {
      "action_time": "2023-02-15T09:50:25.489Z",
      "user": 1,
      "content_type": 2,
      "object_id": "6",
      "object_repr": "Find Your Style: Five Exercises to Unlock Your Creative Identity",
      "action_flag": 2,
      "change_message": "[{\"changed\": {\"fields\": [\"Tags\"]}}]"
    }
  },
  {
    "model": "admin.logentry",
    "pk": 95,
    "fields": {
      "action_time": "2023-02-15T09:50:51.877Z",
      "user": 1,
      "content_type": 2,
      "object_id": "7",
      "object_repr": "How to Name Brands, Products, and Services",
      "action_flag": 2,
      "change_message": "[{\"changed\": {\"fields\": [\"Tags\"]}}]"
    }
  },
  {
    "model": "admin.logentry",
    "pk": 96,
    "fields": {
      "action_time": "2023-02-15T09:51:17.184Z",
      "user": 1,
      "content_type": 2,
      "object_id": "8",
      "object_repr": "Be At Peace: Embrace, Nurture and Grow Your Self",
      "action_flag": 2,
      "change_message": "[{\"changed\": {\"fields\": [\"Tags\"]}}]"
    }
  },
  {
    "model": "admin.logentry",
    "pk": 97,
    "fields": {
      "action_time": "2023-02-15T09:51:39.137Z",
      "user": 1,
      "content_type": 2,
      "object_id": "9",
      "object_repr": "React: The Future of Front-Ends",
      "action_flag": 2,
      "change_message": "[{\"changed\": {\"fields\": [\"Tags\"]}}]"
    }
  },
  {
    "model": "admin.logentry",
    "pk": 98,
    "fields": {
      "action_time": "2023-02-15T09:52:29.158Z",
      "user": 1,
      "content_type": 2,
      "object_id": "10",
      "object_repr": "Getting Started with the Google Cloud Platform",
      "action_flag": 2,
      "change_message": "[{\"changed\": {\"fields\": [\"Tags\"]}}]"
    }
  },
  {
    "model": "admin.logentry",
    "pk": 99,
    "fields": {
      "action_time": "2023-02-15T09:52:58.153Z",
      "user": 1,
      "content_type": 2,
      "object_id": "22",
      "object_repr": "Fantasy Landscapes for Beginners",
      "action_flag": 2,
      "change_message": "[{\"changed\": {\"fields\": [\"Tags\"]}}]"
    }
  },
  {
    "model": "admin.logentry",
    "pk": 100,
    "fields": {
      "action_time": "2023-02-15T09:53:19.627Z",
      "user": 1,
      "content_type": 2,
      "object_id": "14",
      "object_repr": "Landscape Painting Brushwork",
      "action_flag": 2,
      "change_message": "[{\"changed\": {\"fields\": [\"Tags\"]}}]"
    }
  },
  {
    "model": "admin.logentry",
    "pk": 101,
    "fields": {
      "action_time": "2023-02-15T09:53:41.714Z",
      "user": 1,
      "content_type": 2,
      "object_id": "13",
      "object_repr": "Concept Art | Start to Finish",
      "action_flag": 2,
      "change_message": "[{\"changed\": {\"fields\": [\"Tags\"]}}]"
    }
  },
  {
    "model": "admin.logentry",
    "pk": 102,
    "fields": {
      "action_time": "2023-02-15T09:54:05.370Z",
      "user": 1,
      "content_type": 2,
      "object_id": "12",
      "object_repr": "Html, Css, JavaScript: Your Arsenal for Front - End Development",
      "action_flag": 2,
      "change_message": "[{\"changed\": {\"fields\": [\"About the course\", \"Tags\"]}}]"
    }
  },
  {
    "model": "admin.logentry",
    "pk": 103,
    "fields": {
      "action_time": "2023-02-15T09:54:38.253Z",
      "user": 1,
      "content_type": 2,
      "object_id": "11",
      "object_repr": "JavaScript: The Daddy of anything Web Development",
      "action_flag": 2,
      "change_message": "[{\"changed\": {\"fields\": [\"About the course\", \"Tags\"]}}]"
    }
  },
  {
    "model": "admin.logentry",
    "pk": 104,
    "fields": {
      "action_time": "2023-02-15T09:58:23.068Z",
      "user": 1,
      "content_type": 8,
      "object_id": "14",
      "object_repr": "Courtney Sweney",
      "action_flag": 2,
      "change_message": "[{\"changed\": {\"fields\": [\"Tags\"]}}]"
    }
  },
  {
    "model": "admin.logentry",
    "pk": 105,
    "fields": {
      "action_time": "2023-02-15T09:59:05.624Z",
      "user": 1,
      "content_type": 8,
      "object_id": "13",
      "object_repr": "Paul Andy",
      "action_flag": 2,
      "change_message": "[{\"changed\": {\"fields\": [\"Tags\"]}}]"
    }
  },
  {
    "model": "admin.logentry",
    "pk": 106,
    "fields": {
      "action_time": "2023-02-15T09:59:24.202Z",
      "user": 1,
      "content_type": 8,
      "object_id": "12",
      "object_repr": "Rodrigo Schneider",
      "action_flag": 2,
      "change_message": "[{\"changed\": {\"fields\": [\"Tags\"]}}]"
    }
  },
  {
    "model": "admin.logentry",
    "pk": 107,
    "fields": {
      "action_time": "2023-02-15T09:59:45.002Z",
      "user": 1,
      "content_type": 8,
      "object_id": "11",
      "object_repr": "Tangela Taylor",
      "action_flag": 2,
      "change_message": "[{\"changed\": {\"fields\": [\"Tags\", \"About\"]}}]"
    }
  },
  {
    "model": "admin.logentry",
    "pk": 108,
    "fields": {
      "action_time": "2023-02-15T10:00:04.962Z",
      "user": 1,
      "content_type": 8,
      "object_id": "10",
      "object_repr": "William Law",
      "action_flag": 2,
      "change_message": "[{\"changed\": {\"fields\": [\"Tags\"]}}]"
    }
  },
  {
    "model": "admin.logentry",
    "pk": 109,
    "fields": {
      "action_time": "2023-02-15T10:00:20.673Z",
      "user": 1,
      "content_type": 8,
      "object_id": "9",
      "object_repr": "James Edmonds",
      "action_flag": 2,
      "change_message": "[{\"changed\": {\"fields\": [\"Tags\"]}}]"
    }
  },
  {
    "model": "admin.logentry",
    "pk": 110,
    "fields": {
      "action_time": "2023-02-15T10:00:46.642Z",
      "user": 1,
      "content_type": 8,
      "object_id": "7",
      "object_repr": "Tomiwa Joseph",
      "action_flag": 2,
      "change_message": "[{\"changed\": {\"fields\": [\"Tags\"]}}]"
    }
  },
  {
    "model": "admin.logentry",
    "pk": 111,
    "fields": {
      "action_time": "2023-02-15T10:00:57.887Z",
      "user": 1,
      "content_type": 8,
      "object_id": "8",
      "object_repr": "Theresa Rolland",
      "action_flag": 2,
      "change_message": "[{\"changed\": {\"fields\": [\"Tags\"]}}]"
    }
  },
  {
    "model": "admin.logentry",
    "pk": 112,
    "fields": {
      "action_time": "2023-02-15T10:01:25.763Z",
      "user": 1,
      "content_type": 8,
      "object_id": "6",
      "object_repr": "Edward Blasen",
      "action_flag": 2,
      "change_message": "[{\"changed\": {\"fields\": [\"Tags\"]}}]"
    }
  },
  {
    "model": "admin.logentry",
    "pk": 113,
    "fields": {
      "action_time": "2023-02-15T10:01:42.795Z",
      "user": 1,
      "content_type": 8,
      "object_id": "5",
      "object_repr": "Angela Laurie",
      "action_flag": 2,
      "change_message": "[{\"changed\": {\"fields\": [\"Tags\"]}}]"
    }
  },
  {
    "model": "admin.logentry",
    "pk": 114,
    "fields": {
      "action_time": "2023-02-15T10:01:57.776Z",
      "user": 1,
      "content_type": 8,
      "object_id": "4",
      "object_repr": "Julia Mundy",
      "action_flag": 2,
      "change_message": "[{\"changed\": {\"fields\": [\"Tags\"]}}]"
    }
  },
  {
    "model": "admin.logentry",
    "pk": 115,
    "fields": {
      "action_time": "2023-02-15T10:02:25.661Z",
      "user": 1,
      "content_type": 8,
      "object_id": "3",
      "object_repr": "Gloria Wilt",
      "action_flag": 2,
      "change_message": "[{\"changed\": {\"fields\": [\"Tags\"]}}]"
    }
  },
  {
    "model": "admin.logentry",
    "pk": 116,
    "fields": {
      "action_time": "2023-02-15T10:02:40.025Z",
      "user": 1,
      "content_type": 8,
      "object_id": "2",
      "object_repr": "Daniel Douglas",
      "action_flag": 2,
      "change_message": "[{\"changed\": {\"fields\": [\"Tags\"]}}]"
    }
  },
  {
    "model": "admin.logentry",
    "pk": 117,
    "fields": {
      "action_time": "2023-02-15T10:04:33.729Z",
      "user": 1,
      "content_type": 8,
      "object_id": "1",
      "object_repr": "Jane Doe",
      "action_flag": 2,
      "change_message": "[{\"changed\": {\"fields\": [\"Tags\"]}}]"
    }
  },
  {
    "model": "admin.logentry",
    "pk": 118,
    "fields": {
      "action_time": "2023-02-15T11:57:41.302Z",
      "user": 1,
      "content_type": 8,
      "object_id": "7",
      "object_repr": "Tomiwa Joseph",
      "action_flag": 2,
      "change_message": "[{\"changed\": {\"fields\": [\"Profile picture\"]}}]"
    }
  },
  {
    "model": "admin.logentry",
    "pk": 119,
    "fields": {
      "action_time": "2023-02-15T12:24:06.060Z",
      "user": 1,
      "content_type": 8,
      "object_id": "7",
      "object_repr": "Tomiwa Joseph",
      "action_flag": 2,
      "change_message": "[{\"changed\": {\"fields\": [\"Profile picture\"]}}]"
    }
  },
  {
    "model": "admin.logentry",
    "pk": 120,
    "fields": {
      "action_time": "2023-02-15T12:25:14.284Z",
      "user": 1,
      "content_type": 8,
      "object_id": "7",
      "object_repr": "Tomiwa Joseph",
      "action_flag": 2,
      "change_message": "[{\"changed\": {\"fields\": [\"Profile picture\"]}}]"
    }
  },
  {
    "model": "admin.logentry",
    "pk": 121,
    "fields": {
      "action_time": "2023-02-15T12:32:05.641Z",
      "user": 1,
      "content_type": 8,
      "object_id": "7",
      "object_repr": "Tomiwa Joseph",
      "action_flag": 2,
      "change_message": "[{\"changed\": {\"fields\": [\"Profile picture\"]}}]"
    }
  },
  {
    "model": "admin.logentry",
    "pk": 122,
    "fields": {
      "action_time": "2023-02-15T12:32:43.759Z",
      "user": 1,
      "content_type": 8,
      "object_id": "7",
      "object_repr": "Tomiwa Joseph",
      "action_flag": 2,
      "change_message": "[{\"changed\": {\"fields\": [\"Profile picture\"]}}]"
    }
  },
  {
    "model": "admin.logentry",
    "pk": 123,
    "fields": {
      "action_time": "2023-02-15T12:34:31.907Z",
      "user": 1,
      "content_type": 8,
      "object_id": "7",
      "object_repr": "Tomiwa Joseph",
      "action_flag": 2,
      "change_message": "[{\"changed\": {\"fields\": [\"Profile picture\"]}}]"
    }
  },
  {
    "model": "admin.logentry",
    "pk": 124,
    "fields": {
      "action_time": "2023-02-15T12:54:15.599Z",
      "user": 1,
      "content_type": 8,
      "object_id": "7",
      "object_repr": "Tomiwa Joseph",
      "action_flag": 2,
      "change_message": "[{\"changed\": {\"fields\": [\"Profile picture\"]}}]"
    }
  },
  {
    "model": "admin.logentry",
    "pk": 125,
    "fields": {
      "action_time": "2023-02-15T16:37:22.367Z",
      "user": 1,
      "content_type": 8,
      "object_id": "7",
      "object_repr": "Tomiwa Joseph",
      "action_flag": 2,
      "change_message": "[{\"changed\": {\"fields\": [\"Profile picture\"]}}]"
    }
  },
  {
    "model": "admin.logentry",
    "pk": 126,
    "fields": {
      "action_time": "2023-02-15T16:38:03.807Z",
      "user": 1,
      "content_type": 8,
      "object_id": "7",
      "object_repr": "Tomiwa Joseph",
      "action_flag": 2,
      "change_message": "[{\"changed\": {\"fields\": [\"Profile picture\"]}}]"
    }
  },
  {
    "model": "admin.logentry",
    "pk": 127,
    "fields": {
      "action_time": "2023-02-15T16:44:22.903Z",
      "user": 1,
      "content_type": 8,
      "object_id": "7",
      "object_repr": "Tomiwa Joseph",
      "action_flag": 2,
      "change_message": "[{\"changed\": {\"fields\": [\"Profile picture\"]}}]"
    }
  },
  {
    "model": "admin.logentry",
    "pk": 128,
    "fields": {
      "action_time": "2023-02-15T16:53:05.711Z",
      "user": 1,
      "content_type": 8,
      "object_id": "7",
      "object_repr": "Tomiwa Joseph",
      "action_flag": 2,
      "change_message": "[{\"changed\": {\"fields\": [\"Profile picture\"]}}]"
    }
  },
  {
    "model": "admin.logentry",
    "pk": 129,
    "fields": {
      "action_time": "2023-02-15T18:15:43.095Z",
      "user": 1,
      "content_type": 8,
      "object_id": "7",
      "object_repr": "Tomiwa Joseph",
      "action_flag": 2,
      "change_message": "[{\"changed\": {\"fields\": [\"Profile picture\"]}}]"
    }
  },
  {
    "model": "admin.logentry",
    "pk": 130,
    "fields": {
      "action_time": "2023-02-15T18:22:12.143Z",
      "user": 1,
      "content_type": 8,
      "object_id": "7",
      "object_repr": "Tomiwa Joseph",
      "action_flag": 2,
      "change_message": "[{\"changed\": {\"fields\": [\"Profile picture\"]}}]"
    }
  },
  {
    "model": "admin.logentry",
    "pk": 131,
    "fields": {
      "action_time": "2023-02-15T18:22:43.497Z",
      "user": 1,
      "content_type": 8,
      "object_id": "7",
      "object_repr": "Tomiwa Joseph",
      "action_flag": 2,
      "change_message": "[{\"changed\": {\"fields\": [\"Profile picture\"]}}]"
    }
  },
  {
    "model": "admin.logentry",
    "pk": 132,
    "fields": {
      "action_time": "2023-02-15T18:23:10.615Z",
      "user": 1,
      "content_type": 8,
      "object_id": "7",
      "object_repr": "Tomiwa Joseph",
      "action_flag": 2,
      "change_message": "[{\"changed\": {\"fields\": [\"Profile picture\"]}}]"
    }
  },
  {
    "model": "admin.logentry",
    "pk": 133,
    "fields": {
      "action_time": "2023-02-15T18:30:37.048Z",
      "user": 1,
      "content_type": 8,
      "object_id": "7",
      "object_repr": "Tomiwa Joseph",
      "action_flag": 2,
      "change_message": "[{\"changed\": {\"fields\": [\"Profile picture\"]}}]"
    }
  },
  {
    "model": "admin.logentry",
    "pk": 134,
    "fields": {
      "action_time": "2023-02-15T21:01:16.501Z",
      "user": 1,
      "content_type": 8,
      "object_id": "7",
      "object_repr": "Tomiwa Joseph",
      "action_flag": 2,
      "change_message": "[{\"changed\": {\"fields\": [\"Profile picture\"]}}]"
    }
  },
  {
    "model": "admin.logentry",
    "pk": 135,
    "fields": {
      "action_time": "2023-02-15T21:02:38.454Z",
      "user": 1,
      "content_type": 8,
      "object_id": "7",
      "object_repr": "Tomiwa Joseph",
      "action_flag": 2,
      "change_message": "[{\"changed\": {\"fields\": [\"Profile picture\"]}}]"
    }
  },
  {
    "model": "admin.logentry",
    "pk": 136,
    "fields": {
      "action_time": "2023-02-15T21:03:11.421Z",
      "user": 1,
      "content_type": 8,
      "object_id": "7",
      "object_repr": "Tomiwa Joseph",
      "action_flag": 2,
      "change_message": "[{\"changed\": {\"fields\": [\"Profile picture\"]}}]"
    }
  },
  {
    "model": "admin.logentry",
    "pk": 137,
    "fields": {
      "action_time": "2023-02-15T21:03:59.111Z",
      "user": 1,
      "content_type": 8,
      "object_id": "7",
      "object_repr": "Tomiwa Joseph",
      "action_flag": 2,
      "change_message": "[{\"changed\": {\"fields\": [\"Profile picture\"]}}]"
    }
  },
  {
    "model": "admin.logentry",
    "pk": 138,
    "fields": {
      "action_time": "2023-02-15T21:04:16.853Z",
      "user": 1,
      "content_type": 8,
      "object_id": "7",
      "object_repr": "Tomiwa Joseph",
      "action_flag": 2,
      "change_message": "[{\"changed\": {\"fields\": [\"Profile picture\"]}}]"
    }
  },
  {
    "model": "admin.logentry",
    "pk": 139,
    "fields": {
      "action_time": "2023-02-15T21:04:33.397Z",
      "user": 1,
      "content_type": 8,
      "object_id": "7",
      "object_repr": "Tomiwa Joseph",
      "action_flag": 2,
      "change_message": "[{\"changed\": {\"fields\": [\"Profile picture\"]}}]"
    }
  },
  {
    "model": "admin.logentry",
    "pk": 140,
    "fields": {
      "action_time": "2023-02-15T21:04:49.117Z",
      "user": 1,
      "content_type": 8,
      "object_id": "7",
      "object_repr": "Tomiwa Joseph",
      "action_flag": 2,
      "change_message": "[{\"changed\": {\"fields\": [\"Profile picture\"]}}]"
    }
  },
  {
    "model": "admin.logentry",
    "pk": 141,
    "fields": {
      "action_time": "2023-02-15T21:05:50.533Z",
      "user": 1,
      "content_type": 8,
      "object_id": "7",
      "object_repr": "Tomiwa Joseph",
      "action_flag": 2,
      "change_message": "[{\"changed\": {\"fields\": [\"Profile picture\"]}}]"
    }
  },
  {
    "model": "admin.logentry",
    "pk": 142,
    "fields": {
      "action_time": "2023-02-15T21:09:10.285Z",
      "user": 1,
      "content_type": 8,
      "object_id": "7",
      "object_repr": "Tomiwa Joseph",
      "action_flag": 2,
      "change_message": "[{\"changed\": {\"fields\": [\"Profile picture\"]}}]"
    }
  },
  {
    "model": "admin.logentry",
    "pk": 143,
    "fields": {
      "action_time": "2023-02-15T21:09:28.189Z",
      "user": 1,
      "content_type": 8,
      "object_id": "7",
      "object_repr": "Tomiwa Joseph",
      "action_flag": 2,
      "change_message": "[{\"changed\": {\"fields\": [\"Profile picture\"]}}]"
    }
  },
  {
    "model": "admin.logentry",
    "pk": 144,
    "fields": {
      "action_time": "2023-02-15T21:09:53.517Z",
      "user": 1,
      "content_type": 8,
      "object_id": "7",
      "object_repr": "Tomiwa Joseph",
      "action_flag": 2,
      "change_message": "[{\"changed\": {\"fields\": [\"Profile picture\"]}}]"
    }
  },
  {
    "model": "admin.logentry",
    "pk": 145,
    "fields": {
      "action_time": "2023-02-15T21:14:43.933Z",
      "user": 1,
      "content_type": 8,
      "object_id": "14",
      "object_repr": "Courtney Sweney",
      "action_flag": 2,
      "change_message": "[{\"changed\": {\"fields\": [\"Profile picture\"]}}]"
    }
  },
  {
    "model": "admin.logentry",
    "pk": 146,
    "fields": {
      "action_time": "2023-02-15T21:15:43.069Z",
      "user": 1,
      "content_type": 8,
      "object_id": "14",
      "object_repr": "Courtney Sweney",
      "action_flag": 2,
      "change_message": "[{\"changed\": {\"fields\": [\"Profile picture\"]}}]"
    }
  },
  {
    "model": "admin.logentry",
    "pk": 147,
    "fields": {
      "action_time": "2023-02-15T21:16:29.229Z",
      "user": 1,
      "content_type": 8,
      "object_id": "13",
      "object_repr": "Paul Andy",
      "action_flag": 2,
      "change_message": "[{\"changed\": {\"fields\": [\"Profile picture\"]}}]"
    }
  },
  {
    "model": "admin.logentry",
    "pk": 148,
    "fields": {
      "action_time": "2023-02-15T21:16:56.621Z",
      "user": 1,
      "content_type": 8,
      "object_id": "12",
      "object_repr": "Rodrigo Schneider",
      "action_flag": 2,
      "change_message": "[{\"changed\": {\"fields\": [\"Profile picture\"]}}]"
    }
  },
  {
    "model": "admin.logentry",
    "pk": 149,
    "fields": {
      "action_time": "2023-02-15T21:17:17.694Z",
      "user": 1,
      "content_type": 8,
      "object_id": "11",
      "object_repr": "Tangela Taylor",
      "action_flag": 2,
      "change_message": "[{\"changed\": {\"fields\": [\"Profile picture\"]}}]"
    }
  },
  {
    "model": "admin.logentry",
    "pk": 150,
    "fields": {
      "action_time": "2023-02-15T21:17:49.005Z",
      "user": 1,
      "content_type": 8,
      "object_id": "10",
      "object_repr": "William Law",
      "action_flag": 2,
      "change_message": "[{\"changed\": {\"fields\": [\"Profile picture\"]}}]"
    }
  },
  {
    "model": "admin.logentry",
    "pk": 151,
    "fields": {
      "action_time": "2023-02-15T21:18:32.981Z",
      "user": 1,
      "content_type": 8,
      "object_id": "9",
      "object_repr": "James Edmonds",
      "action_flag": 2,
      "change_message": "[{\"changed\": {\"fields\": [\"Profile picture\"]}}]"
    }
  },
  {
    "model": "admin.logentry",
    "pk": 152,
    "fields": {
      "action_time": "2023-02-15T21:18:49.437Z",
      "user": 1,
      "content_type": 8,
      "object_id": "9",
      "object_repr": "James Edmonds",
      "action_flag": 2,
      "change_message": "[{\"changed\": {\"fields\": [\"Profile picture\"]}}]"
    }
  },
  {
    "model": "admin.logentry",
    "pk": 153,
    "fields": {
      "action_time": "2023-02-15T21:19:09.645Z",
      "user": 1,
      "content_type": 8,
      "object_id": "7",
      "object_repr": "Tomiwa Joseph",
      "action_flag": 2,
      "change_message": "[{\"changed\": {\"fields\": [\"Profile picture\"]}}]"
    }
  },
  {
    "model": "admin.logentry",
    "pk": 154,
    "fields": {
      "action_time": "2023-02-15T21:19:52.767Z",
      "user": 1,
      "content_type": 8,
      "object_id": "8",
      "object_repr": "Theresa Rolland",
      "action_flag": 2,
      "change_message": "[{\"changed\": {\"fields\": [\"Profile picture\"]}}]"
    }
  },
  {
    "model": "admin.logentry",
    "pk": 155,
    "fields": {
      "action_time": "2023-02-15T21:20:09.005Z",
      "user": 1,
      "content_type": 8,
      "object_id": "5",
      "object_repr": "Angela Laurie",
      "action_flag": 2,
      "change_message": "[{\"changed\": {\"fields\": [\"Profile picture\"]}}]"
    }
  },
  {
    "model": "admin.logentry",
    "pk": 156,
    "fields": {
      "action_time": "2023-02-15T21:20:54.541Z",
      "user": 1,
      "content_type": 8,
      "object_id": "6",
      "object_repr": "Edward Blasen",
      "action_flag": 2,
      "change_message": "[{\"changed\": {\"fields\": [\"Profile picture\"]}}]"
    }
  },
  {
    "model": "admin.logentry",
    "pk": 157,
    "fields": {
      "action_time": "2023-02-15T21:21:36.540Z",
      "user": 1,
      "content_type": 8,
      "object_id": "4",
      "object_repr": "Julia Mundy",
      "action_flag": 2,
      "change_message": "[{\"changed\": {\"fields\": [\"Profile picture\"]}}]"
    }
  },
  {
    "model": "admin.logentry",
    "pk": 158,
    "fields": {
      "action_time": "2023-02-15T21:22:09.173Z",
      "user": 1,
      "content_type": 8,
      "object_id": "3",
      "object_repr": "Gloria Wilt",
      "action_flag": 2,
      "change_message": "[{\"changed\": {\"fields\": [\"Profile picture\"]}}]"
    }
  },
  {
    "model": "admin.logentry",
    "pk": 159,
    "fields": {
      "action_time": "2023-02-15T21:22:57.028Z",
      "user": 1,
      "content_type": 8,
      "object_id": "2",
      "object_repr": "Daniel Douglas",
      "action_flag": 2,
      "change_message": "[{\"changed\": {\"fields\": [\"Profile picture\"]}}]"
    }
  },
  {
    "model": "admin.logentry",
    "pk": 160,
    "fields": {
      "action_time": "2023-02-15T21:23:31.901Z",
      "user": 1,
      "content_type": 8,
      "object_id": "1",
      "object_repr": "Jane Doe",
      "action_flag": 2,
      "change_message": "[{\"changed\": {\"fields\": [\"Profile picture\"]}}]"
    }
  },
  {
    "model": "admin.logentry",
    "pk": 161,
    "fields": {
      "action_time": "2023-02-15T21:54:39.268Z",
      "user": 1,
      "content_type": 5,
      "object_id": "47",
      "object_repr": "Be At Peace: Embrace, Nurture and Grow Your Self - Loving Yourself's content",
      "action_flag": 1,
      "change_message": "[{\"added\": {}}]"
    }
  },
  {
    "model": "admin.logentry",
    "pk": 162,
    "fields": {
      "action_time": "2023-02-15T21:55:10.268Z",
      "user": 1,
      "content_type": 5,
      "object_id": "48",
      "object_repr": "Be At Peace: Embrace, Nurture and Grow Your Self - Loving Yourself's content",
      "action_flag": 1,
      "change_message": "[{\"added\": {}}]"
    }
  },
  {
    "model": "admin.logentry",
    "pk": 163,
    "fields": {
      "action_time": "2023-02-15T21:55:42.092Z",
      "user": 1,
      "content_type": 5,
      "object_id": "49",
      "object_repr": "Be At Peace: Embrace, Nurture and Grow Your Self - Loving Others's content",
      "action_flag": 1,
      "change_message": "[{\"added\": {}}]"
    }
  },
  {
    "model": "admin.logentry",
    "pk": 164,
    "fields": {
      "action_time": "2023-02-15T21:56:19.740Z",
      "user": 1,
      "content_type": 5,
      "object_id": "50",
      "object_repr": "Be At Peace: Embrace, Nurture and Grow Your Self - Loving Others's content",
      "action_flag": 1,
      "change_message": "[{\"added\": {}}]"
    }
  },
  {
    "model": "admin.logentry",
    "pk": 165,
    "fields": {
      "action_time": "2023-02-15T21:56:42.876Z",
      "user": 1,
      "content_type": 5,
      "object_id": "51",
      "object_repr": "Be At Peace: Embrace, Nurture and Grow Your Self - Loving Others's content",
      "action_flag": 1,
      "change_message": "[{\"added\": {}}]"
    }
  },
  {
    "model": "admin.logentry",
    "pk": 166,
    "fields": {
      "action_time": "2023-02-15T21:59:03.492Z",
      "user": 1,
      "content_type": 5,
      "object_id": "52",
      "object_repr": "JavaScript: The Daddy of anything Web Development - A Closer Look at Functions's content",
      "action_flag": 1,
      "change_message": "[{\"added\": {}}]"
    }
  },
  {
    "model": "admin.logentry",
    "pk": 167,
    "fields": {
      "action_time": "2023-02-15T22:00:18.788Z",
      "user": 1,
      "content_type": 5,
      "object_id": "53",
      "object_repr": "Concept Art | Start to Finish - Rough Sketching's content",
      "action_flag": 1,
      "change_message": "[{\"added\": {}}]"
    }
  },
  {
    "model": "admin.logentry",
    "pk": 168,
    "fields": {
      "action_time": "2023-02-15T22:01:50.100Z",
      "user": 1,
      "content_type": 5,
      "object_id": "54",
      "object_repr": "Concept Art | Start to Finish - Polish and Presentation's content",
      "action_flag": 1,
      "change_message": "[{\"added\": {}}]"
    }
  },
  {
    "model": "admin.logentry",
    "pk": 169,
    "fields": {
      "action_time": "2023-02-15T22:02:14.003Z",
      "user": 1,
      "content_type": 5,
      "object_id": "55",
      "object_repr": "Concept Art | Start to Finish - Polish and Presentation's content",
      "action_flag": 1,
      "change_message": "[{\"added\": {}}]"
    }
  },
  {
    "model": "admin.logentry",
    "pk": 170,
    "fields": {
      "action_time": "2023-02-15T22:14:26.563Z",
      "user": 1,
      "content_type": 5,
      "object_id": "41",
      "object_repr": "Concept Art | Start to Finish - Rough Sketching's content",
      "action_flag": 2,
      "change_message": "[{\"changed\": {\"fields\": [\"Content description\", \"Content video\"]}}]"
    }
  },
  {
    "model": "admin.logentry",
    "pk": 171,
    "fields": {
      "action_time": "2023-02-15T22:17:36.703Z",
      "user": 1,
      "content_type": 5,
      "object_id": "56",
      "object_repr": "How to Name Brands, Products, and Services - Understanding Brand Naming's content",
      "action_flag": 1,
      "change_message": "[{\"added\": {}}]"
    }
  },
  {
    "model": "admin.logentry",
    "pk": 172,
    "fields": {
      "action_time": "2023-02-15T22:18:15.083Z",
      "user": 1,
      "content_type": 5,
      "object_id": "57",
      "object_repr": "How to Name Brands, Products, and Services - The Perfect Brand Name's content",
      "action_flag": 1,
      "change_message": "[{\"added\": {}}]"
    }
  },
  {
    "model": "admin.logentry",
    "pk": 173,
    "fields": {
      "action_time": "2023-02-15T22:20:01.214Z",
      "user": 1,
      "content_type": 5,
      "object_id": "58",
      "object_repr": "Find Your Style: Five Exercises to Unlock Your Creative Identity - Observation's content",
      "action_flag": 1,
      "change_message": "[{\"added\": {}}]"
    }
  },
  {
    "model": "admin.logentry",
    "pk": 174,
    "fields": {
      "action_time": "2023-02-15T22:20:35.364Z",
      "user": 1,
      "content_type": 5,
      "object_id": "59",
      "object_repr": "Find Your Style: Five Exercises to Unlock Your Creative Identity - Be Like a Child's content",
      "action_flag": 1,
      "change_message": "[{\"added\": {}}]"
    }
  },
  {
    "model": "admin.logentry",
    "pk": 175,
    "fields": {
      "action_time": "2023-02-15T22:21:12.944Z",
      "user": 1,
      "content_type": 5,
      "object_id": "60",
      "object_repr": "Find Your Style: Five Exercises to Unlock Your Creative Identity - Do Something Unusual's content",
      "action_flag": 1,
      "change_message": "[{\"added\": {}}]"
    }
  },
  {
    "model": "admin.logentry",
    "pk": 176,
    "fields": {
      "action_time": "2023-02-15T22:21:38.493Z",
      "user": 1,
      "content_type": 4,
      "object_id": "31",
      "object_repr": "Find Your Style: Five Exercises to Unlock Your Creative Identity - Do Something Unusual",
      "action_flag": 3,
      "change_message": ""
    }
  },
  {
    "model": "admin.logentry",
    "pk": 177,
    "fields": {
      "action_time": "2023-02-15T22:22:19.063Z",
      "user": 1,
      "content_type": 5,
      "object_id": "61",
      "object_repr": "Find Your Style: Five Exercises to Unlock Your Creative Identity - Enjoy Yourself's content",
      "action_flag": 1,
      "change_message": "[{\"added\": {}}]"
    }
  },
  {
    "model": "admin.logentry",
    "pk": 178,
    "fields": {
      "action_time": "2023-02-15T22:23:03.123Z",
      "user": 1,
      "content_type": 5,
      "object_id": "62",
      "object_repr": "Find Your Style: Five Exercises to Unlock Your Creative Identity - Explore and Create's content",
      "action_flag": 1,
      "change_message": "[{\"added\": {}}]"
    }
  },
  {
    "model": "admin.logentry",
    "pk": 179,
    "fields": {
      "action_time": "2023-02-15T22:28:33.303Z",
      "user": 1,
      "content_type": 7,
      "object_id": "21",
      "object_repr": "Demo User 's Profile",
      "action_flag": 1,
      "change_message": "[{\"added\": {}}]"
    }
  },
  {
    "model": "admin.logentry",
    "pk": 180,
    "fields": {
      "action_time": "2023-02-15T22:29:44.513Z",
      "user": 1,
      "content_type": 2,
      "object_id": "13",
      "object_repr": "Concept Art | Start to Finish",
      "action_flag": 2,
      "change_message": "[{\"changed\": {\"fields\": [\"Students\"]}}]"
    }
  },
  {
    "model": "admin.logentry",
    "pk": 181,
    "fields": {
      "action_time": "2023-02-15T22:48:31.219Z",
      "user": 1,
      "content_type": 2,
      "object_id": "5",
      "object_repr": "Paint Beautiful Landscapes with Photoshop",
      "action_flag": 2,
      "change_message": "[{\"changed\": {\"fields\": [\"Students\"]}}]"
    }
  },
  {
    "model": "admin.logentry",
    "pk": 182,
    "fields": {
      "action_time": "2023-02-15T22:48:43.605Z",
      "user": 1,
      "content_type": 2,
      "object_id": "13",
      "object_repr": "Concept Art | Start to Finish",
      "action_flag": 2,
      "change_message": "[{\"changed\": {\"fields\": [\"Students\"]}}]"
    }
  },
  {
    "model": "admin.logentry",
    "pk": 183,
    "fields": {
      "action_time": "2023-02-15T23:02:34.781Z",
      "user": 1,
      "content_type": 2,
      "object_id": "1",
      "object_repr": "Piano Improvisation - Fundamentals for Creating Music on the Spot",
      "action_flag": 2,
      "change_message": "[{\"changed\": {\"fields\": [\"Students\"]}}]"
    }
  },
  {
    "model": "admin.logentry",
    "pk": 184,
    "fields": {
      "action_time": "2023-02-15T23:50:02.130Z",
      "user": 1,
      "content_type": 2,
      "object_id": "4",
      "object_repr": "Advanced Django (Python)",
      "action_flag": 2,
      "change_message": "[{\"changed\": {\"fields\": [\"Tags\"]}}]"
    }
  },
  {
    "model": "auth.permission",
    "pk": 1,
    "fields": {
      "name": "Can add category",
      "content_type": 1,
      "codename": "add_category"
    }
  },
  {
    "model": "auth.permission",
    "pk": 2,
    "fields": {
      "name": "Can change category",
      "content_type": 1,
      "codename": "change_category"
    }
  },
  {
    "model": "auth.permission",
    "pk": 3,
    "fields": {
      "name": "Can delete category",
      "content_type": 1,
      "codename": "delete_category"
    }
  },
  {
    "model": "auth.permission",
    "pk": 4,
    "fields": {
      "name": "Can view category",
      "content_type": 1,
      "codename": "view_category"
    }
  },
  {
    "model": "auth.permission",
    "pk": 5,
    "fields": {
      "name": "Can add course",
      "content_type": 2,
      "codename": "add_course"
    }
  },
  {
    "model": "auth.permission",
    "pk": 6,
    "fields": {
      "name": "Can change course",
      "content_type": 2,
      "codename": "change_course"
    }
  },
  {
    "model": "auth.permission",
    "pk": 7,
    "fields": {
      "name": "Can delete course",
      "content_type": 2,
      "codename": "delete_course"
    }
  },
  {
    "model": "auth.permission",
    "pk": 8,
    "fields": {
      "name": "Can view course",
      "content_type": 2,
      "codename": "view_course"
    }
  },
  {
    "model": "auth.permission",
    "pk": 9,
    "fields": {
      "name": "Can add review",
      "content_type": 3,
      "codename": "add_review"
    }
  },
  {
    "model": "auth.permission",
    "pk": 10,
    "fields": {
      "name": "Can change review",
      "content_type": 3,
      "codename": "change_review"
    }
  },
  {
    "model": "auth.permission",
    "pk": 11,
    "fields": {
      "name": "Can delete review",
      "content_type": 3,
      "codename": "delete_review"
    }
  },
  {
    "model": "auth.permission",
    "pk": 12,
    "fields": {
      "name": "Can view review",
      "content_type": 3,
      "codename": "view_review"
    }
  },
  {
    "model": "auth.permission",
    "pk": 13,
    "fields": {
      "name": "Can add module",
      "content_type": 4,
      "codename": "add_module"
    }
  },
  {
    "model": "auth.permission",
    "pk": 14,
    "fields": {
      "name": "Can change module",
      "content_type": 4,
      "codename": "change_module"
    }
  },
  {
    "model": "auth.permission",
    "pk": 15,
    "fields": {
      "name": "Can delete module",
      "content_type": 4,
      "codename": "delete_module"
    }
  },
  {
    "model": "auth.permission",
    "pk": 16,
    "fields": {
      "name": "Can view module",
      "content_type": 4,
      "codename": "view_module"
    }
  },
  {
    "model": "auth.permission",
    "pk": 17,
    "fields": {
      "name": "Can add content",
      "content_type": 5,
      "codename": "add_content"
    }
  },
  {
    "model": "auth.permission",
    "pk": 18,
    "fields": {
      "name": "Can change content",
      "content_type": 5,
      "codename": "change_content"
    }
  },
  {
    "model": "auth.permission",
    "pk": 19,
    "fields": {
      "name": "Can delete content",
      "content_type": 5,
      "codename": "delete_content"
    }
  },
  {
    "model": "auth.permission",
    "pk": 20,
    "fields": {
      "name": "Can view content",
      "content_type": 5,
      "codename": "view_content"
    }
  },
  {
    "model": "auth.permission",
    "pk": 21,
    "fields": {
      "name": "Can add user",
      "content_type": 6,
      "codename": "add_customuser"
    }
  },
  {
    "model": "auth.permission",
    "pk": 22,
    "fields": {
      "name": "Can change user",
      "content_type": 6,
      "codename": "change_customuser"
    }
  },
  {
    "model": "auth.permission",
    "pk": 23,
    "fields": {
      "name": "Can delete user",
      "content_type": 6,
      "codename": "delete_customuser"
    }
  },
  {
    "model": "auth.permission",
    "pk": 24,
    "fields": {
      "name": "Can view user",
      "content_type": 6,
      "codename": "view_customuser"
    }
  },
  {
    "model": "auth.permission",
    "pk": 25,
    "fields": {
      "name": "Can add profile",
      "content_type": 7,
      "codename": "add_profile"
    }
  },
  {
    "model": "auth.permission",
    "pk": 26,
    "fields": {
      "name": "Can change profile",
      "content_type": 7,
      "codename": "change_profile"
    }
  },
  {
    "model": "auth.permission",
    "pk": 27,
    "fields": {
      "name": "Can delete profile",
      "content_type": 7,
      "codename": "delete_profile"
    }
  },
  {
    "model": "auth.permission",
    "pk": 28,
    "fields": {
      "name": "Can view profile",
      "content_type": 7,
      "codename": "view_profile"
    }
  },
  {
    "model": "auth.permission",
    "pk": 29,
    "fields": {
      "name": "Can add instructor",
      "content_type": 8,
      "codename": "add_instructor"
    }
  },
  {
    "model": "auth.permission",
    "pk": 30,
    "fields": {
      "name": "Can change instructor",
      "content_type": 8,
      "codename": "change_instructor"
    }
  },
  {
    "model": "auth.permission",
    "pk": 31,
    "fields": {
      "name": "Can delete instructor",
      "content_type": 8,
      "codename": "delete_instructor"
    }
  },
  {
    "model": "auth.permission",
    "pk": 32,
    "fields": {
      "name": "Can view instructor",
      "content_type": 8,
      "codename": "view_instructor"
    }
  },
  {
    "model": "auth.permission",
    "pk": 33,
    "fields": {
      "name": "Can add bookmark list",
      "content_type": 9,
      "codename": "add_bookmarklist"
    }
  },
  {
    "model": "auth.permission",
    "pk": 34,
    "fields": {
      "name": "Can change bookmark list",
      "content_type": 9,
      "codename": "change_bookmarklist"
    }
  },
  {
    "model": "auth.permission",
    "pk": 35,
    "fields": {
      "name": "Can delete bookmark list",
      "content_type": 9,
      "codename": "delete_bookmarklist"
    }
  },
  {
    "model": "auth.permission",
    "pk": 36,
    "fields": {
      "name": "Can view bookmark list",
      "content_type": 9,
      "codename": "view_bookmarklist"
    }
  },
  {
    "model": "auth.permission",
    "pk": 37,
    "fields": {
      "name": "Can add instructor page pictures",
      "content_type": 10,
      "codename": "add_instructorpagepictures"
    }
  },
  {
    "model": "auth.permission",
    "pk": 38,
    "fields": {
      "name": "Can change instructor page pictures",
      "content_type": 10,
      "codename": "change_instructorpagepictures"
    }
  },
  {
    "model": "auth.permission",
    "pk": 39,
    "fields": {
      "name": "Can delete instructor page pictures",
      "content_type": 10,
      "codename": "delete_instructorpagepictures"
    }
  },
  {
    "model": "auth.permission",
    "pk": 40,
    "fields": {
      "name": "Can view instructor page pictures",
      "content_type": 10,
      "codename": "view_instructorpagepictures"
    }
  },
  {
    "model": "auth.permission",
    "pk": 41,
    "fields": {
      "name": "Can add landing page pictures",
      "content_type": 11,
      "codename": "add_landingpagepictures"
    }
  },
  {
    "model": "auth.permission",
    "pk": 42,
    "fields": {
      "name": "Can change landing page pictures",
      "content_type": 11,
      "codename": "change_landingpagepictures"
    }
  },
  {
    "model": "auth.permission",
    "pk": 43,
    "fields": {
      "name": "Can delete landing page pictures",
      "content_type": 11,
      "codename": "delete_landingpagepictures"
    }
  },
  {
    "model": "auth.permission",
    "pk": 44,
    "fields": {
      "name": "Can view landing page pictures",
      "content_type": 11,
      "codename": "view_landingpagepictures"
    }
  },
  {
    "model": "auth.permission",
    "pk": 45,
    "fields": {
      "name": "Can add newsletter",
      "content_type": 12,
      "codename": "add_newsletter"
    }
  },
  {
    "model": "auth.permission",
    "pk": 46,
    "fields": {
      "name": "Can change newsletter",
      "content_type": 12,
      "codename": "change_newsletter"
    }
  },
  {
    "model": "auth.permission",
    "pk": 47,
    "fields": {
      "name": "Can delete newsletter",
      "content_type": 12,
      "codename": "delete_newsletter"
    }
  },
  {
    "model": "auth.permission",
    "pk": 48,
    "fields": {
      "name": "Can view newsletter",
      "content_type": 12,
      "codename": "view_newsletter"
    }
  },
  {
    "model": "auth.permission",
    "pk": 49,
    "fields": {
      "name": "Can add log entry",
      "content_type": 13,
      "codename": "add_logentry"
    }
  },
  {
    "model": "auth.permission",
    "pk": 50,
    "fields": {
      "name": "Can change log entry",
      "content_type": 13,
      "codename": "change_logentry"
    }
  },
  {
    "model": "auth.permission",
    "pk": 51,
    "fields": {
      "name": "Can delete log entry",
      "content_type": 13,
      "codename": "delete_logentry"
    }
  },
  {
    "model": "auth.permission",
    "pk": 52,
    "fields": {
      "name": "Can view log entry",
      "content_type": 13,
      "codename": "view_logentry"
    }
  },
  {
    "model": "auth.permission",
    "pk": 53,
    "fields": {
      "name": "Can add permission",
      "content_type": 14,
      "codename": "add_permission"
    }
  },
  {
    "model": "auth.permission",
    "pk": 54,
    "fields": {
      "name": "Can change permission",
      "content_type": 14,
      "codename": "change_permission"
    }
  },
  {
    "model": "auth.permission",
    "pk": 55,
    "fields": {
      "name": "Can delete permission",
      "content_type": 14,
      "codename": "delete_permission"
    }
  },
  {
    "model": "auth.permission",
    "pk": 56,
    "fields": {
      "name": "Can view permission",
      "content_type": 14,
      "codename": "view_permission"
    }
  },
  {
    "model": "auth.permission",
    "pk": 57,
    "fields": {
      "name": "Can add group",
      "content_type": 15,
      "codename": "add_group"
    }
  },
  {
    "model": "auth.permission",
    "pk": 58,
    "fields": {
      "name": "Can change group",
      "content_type": 15,
      "codename": "change_group"
    }
  },
  {
    "model": "auth.permission",
    "pk": 59,
    "fields": {
      "name": "Can delete group",
      "content_type": 15,
      "codename": "delete_group"
    }
  },
  {
    "model": "auth.permission",
    "pk": 60,
    "fields": {
      "name": "Can view group",
      "content_type": 15,
      "codename": "view_group"
    }
  },
  {
    "model": "auth.permission",
    "pk": 61,
    "fields": {
      "name": "Can add content type",
      "content_type": 16,
      "codename": "add_contenttype"
    }
  },
  {
    "model": "auth.permission",
    "pk": 62,
    "fields": {
      "name": "Can change content type",
      "content_type": 16,
      "codename": "change_contenttype"
    }
  },
  {
    "model": "auth.permission",
    "pk": 63,
    "fields": {
      "name": "Can delete content type",
      "content_type": 16,
      "codename": "delete_contenttype"
    }
  },
  {
    "model": "auth.permission",
    "pk": 64,
    "fields": {
      "name": "Can view content type",
      "content_type": 16,
      "codename": "view_contenttype"
    }
  },
  {
    "model": "auth.permission",
    "pk": 65,
    "fields": {
      "name": "Can add session",
      "content_type": 17,
      "codename": "add_session"
    }
  },
  {
    "model": "auth.permission",
    "pk": 66,
    "fields": {
      "name": "Can change session",
      "content_type": 17,
      "codename": "change_session"
    }
  },
  {
    "model": "auth.permission",
    "pk": 67,
    "fields": {
      "name": "Can delete session",
      "content_type": 17,
      "codename": "delete_session"
    }
  },
  {
    "model": "auth.permission",
    "pk": 68,
    "fields": {
      "name": "Can view session",
      "content_type": 17,
      "codename": "view_session"
    }
  },
  {
    "model": "auth.permission",
    "pk": 69,
    "fields": {
      "name": "Can add tag",
      "content_type": 18,
      "codename": "add_tag"
    }
  },
  {
    "model": "auth.permission",
    "pk": 70,
    "fields": {
      "name": "Can change tag",
      "content_type": 18,
      "codename": "change_tag"
    }
  },
  {
    "model": "auth.permission",
    "pk": 71,
    "fields": {
      "name": "Can delete tag",
      "content_type": 18,
      "codename": "delete_tag"
    }
  },
  {
    "model": "auth.permission",
    "pk": 72,
    "fields": {
      "name": "Can view tag",
      "content_type": 18,
      "codename": "view_tag"
    }
  },
  {
    "model": "auth.permission",
    "pk": 73,
    "fields": {
      "name": "Can add tagged item",
      "content_type": 19,
      "codename": "add_taggeditem"
    }
  },
  {
    "model": "auth.permission",
    "pk": 74,
    "fields": {
      "name": "Can change tagged item",
      "content_type": 19,
      "codename": "change_taggeditem"
    }
  },
  {
    "model": "auth.permission",
    "pk": 75,
    "fields": {
      "name": "Can delete tagged item",
      "content_type": 19,
      "codename": "delete_taggeditem"
    }
  },
  {
    "model": "auth.permission",
    "pk": 76,
    "fields": {
      "name": "Can view tagged item",
      "content_type": 19,
      "codename": "view_taggeditem"
    }
  },
  {
    "model": "contenttypes.contenttype",
    "pk": 1,
    "fields": {
      "app_label": "courses",
      "model": "category"
    }
  },
  {
    "model": "contenttypes.contenttype",
    "pk": 2,
    "fields": {
      "app_label": "courses",
      "model": "course"
    }
  },
  {
    "model": "contenttypes.contenttype",
    "pk": 3,
    "fields": {
      "app_label": "courses",
      "model": "review"
    }
  },
  {
    "model": "contenttypes.contenttype",
    "pk": 4,
    "fields": {
      "app_label": "courses",
      "model": "module"
    }
  },
  {
    "model": "contenttypes.contenttype",
    "pk": 5,
    "fields": {
      "app_label": "courses",
      "model": "content"
    }
  },
  {
    "model": "contenttypes.contenttype",
    "pk": 6,
    "fields": {
      "app_label": "users",
      "model": "customuser"
    }
  },
  {
    "model": "contenttypes.contenttype",
    "pk": 7,
    "fields": {
      "app_label": "users",
      "model": "profile"
    }
  },
  {
    "model": "contenttypes.contenttype",
    "pk": 8,
    "fields": {
      "app_label": "users",
      "model": "instructor"
    }
  },
  {
    "model": "contenttypes.contenttype",
    "pk": 9,
    "fields": {
      "app_label": "users",
      "model": "bookmarklist"
    }
  },
  {
    "model": "contenttypes.contenttype",
    "pk": 10,
    "fields": {
      "app_label": "main",
      "model": "instructorpagepictures"
    }
  },
  {
    "model": "contenttypes.contenttype",
    "pk": 11,
    "fields": {
      "app_label": "main",
      "model": "landingpagepictures"
    }
  },
  {
    "model": "contenttypes.contenttype",
    "pk": 12,
    "fields": {
      "app_label": "main",
      "model": "newsletter"
    }
  },
  {
    "model": "contenttypes.contenttype",
    "pk": 13,
    "fields": {
      "app_label": "admin",
      "model": "logentry"
    }
  },
  {
    "model": "contenttypes.contenttype",
    "pk": 14,
    "fields": {
      "app_label": "auth",
      "model": "permission"
    }
  },
  {
    "model": "contenttypes.contenttype",
    "pk": 15,
    "fields": {
      "app_label": "auth",
      "model": "group"
    }
  },
  {
    "model": "contenttypes.contenttype",
    "pk": 16,
    "fields": {
      "app_label": "contenttypes",
      "model": "contenttype"
    }
  },
  {
    "model": "contenttypes.contenttype",
    "pk": 17,
    "fields": {
      "app_label": "sessions",
      "model": "session"
    }
  },
  {
    "model": "contenttypes.contenttype",
    "pk": 18,
    "fields": {
      "app_label": "taggit",
      "model": "tag"
    }
  },
  {
    "model": "contenttypes.contenttype",
    "pk": 19,
    "fields": {
      "app_label": "taggit",
      "model": "taggeditem"
    }
  },
  {
    "model": "sessions.session",
    "pk": "04slpg73ht2i42e4lfdoo7g3knlbsfir",
    "fields": {
      "session_data": ".eJxVjMsKwyAQRf_FdRGNVZIsu-83yDhOmrSi4ANSSv-9FbLJ5i7uOZwPi7RX23Jgc2whXJiFVlfbCmW7eTazQbDT6QBfFDvxT4iPxDHFmjfHu8IPWvg9eQq3wz0FVihr7xpAgYsWQrtpFBKNA6WV9AMJN3oJk3DS0KLoqjThpJU3A_xHEmpUPYqp5UK2Juvam83q-wO8uER1:1pY23B:JoU9z9PsHzAjq6A_ebB1Hv5bFCEcYy8gtbuTp4VlzaQ",
      "expire_date": "2023-03-17T09:50:05.923Z"
    }
  },
  {
    "model": "sessions.session",
    "pk": "36dhjxekx9taqxcc7kij4t5z1h0qm533",
    "fields": {
      "session_data": ".eJxVjMsOwiAQRf-FtSFAKQ-X7v0GMjMMUjU0Ke3K-O_apAvd3nPOfYkE21rT1nlJUxZnocXpd0OgB7cd5Du02yxpbusyodwVedAur3Pm5-Vw_w4q9PqtTSZy6LWlAUKMpegcUI02x4FdcFoBhDJGxwVJIVoTrLeglNfFxMJGvD_xLTgI:1pSQyd:mnoc7IHi-3UtWlI-h1HQpji7vKLJMarxiziLFloaQhc",
      "expire_date": "2023-03-01T23:14:15.645Z"
    }
  },
  {
    "model": "sessions.session",
    "pk": "68l1h91azc3ip4zk1bs38txak3aovrlp",
    "fields": {
      "session_data": ".eJxVjEEKgzAQRe8y6xJiktbosnvPEGYmk2obIqiBQundW8GN2__e-x8o8t5CXTL0peZ8gYB1G0NdZQlThB48nDZCfknZQXxiecyK57ItE6ldUQdd1TBHyffDPR2MuI7_utHGGO-lJbTkXGOc9jqhY_SdmBTFJpOSvzZaG_KJmZyN3FluW8YbdfD9AfNgPgE:1pSCnI:SEXYubJD9JdvDrW-vCSHPlqhj4GK4F-irDyW9yI0o84",
      "expire_date": "2023-03-01T08:05:36.922Z"
    }
  },
  {
    "model": "sessions.session",
    "pk": "b173tncoj0pdjy6jlwm5ga599j00h099",
    "fields": {
      "session_data": ".eJxVjMsOwiAUBf-FtSE8SsEu3fsN5AIXW20g4ZFojP9um3TT7Zk58yUJ3832spIp9XW9EAu9zbZXLHYJZCJCkNPowL8w7SQ8IT0y9Tm1sji6K_Sgld5zwPV2uKfADHXe3l6ayHV0KFUUMpogg4TRac2BRcaDN4MxnKEb2XUApa9K6Sg1FyZECKi2qM-9VLQtW9c_ZJK_P8QwREY:1pde3S:egE336NdDpvp5wwMXQShOcf2ZBLSkhAr5olMxpnQ6vY",
      "expire_date": "2023-04-01T21:25:34.526Z"
    }
  },
  {
    "model": "sessions.session",
    "pk": "b4nb72vsot2iyzs9ikzflrvjwu44yenh",
    "fields": {
      "session_data": ".eJxVjMsOwiAQRf-FtSFAKQ-X7v0GMjMMUjU0Ke3K-O_apAvd3nPOfYkE21rT1nlJUxZnocXpd0OgB7cd5Du02yxpbusyodwVedAur3Pm5-Vw_w4q9PqtTSZy6LWlAUKMpegcUI02x4FdcFoBhDJGxwVJIVoTrLeglNfFxMJGvD_xLTgI:1pSDJW:5Wk_9IIjBFdom0LnAztJiFmDVMxEHU2Mz9lrFPllHYQ",
      "expire_date": "2023-03-01T08:38:54.182Z"
    }
  },
  {
    "model": "sessions.session",
    "pk": "i68ca2fj4b2vjsq4zilmsworsqojnewn",
    "fields": {
      "session_data": ".eJxVjMsOwiAQRf-FtSFAKQ-X7v0GMjMMUjU0Ke3K-O_apAvd3nPOfYkE21rT1nlJUxZnocXpd0OgB7cd5Du02yxpbusyodwVedAur3Pm5-Vw_w4q9PqtTSZy6LWlAUKMpegcUI02x4FdcFoBhDJGxwVJIVoTrLeglNfFxMJGvD_xLTgI:1pSPcl:Xv6C-XJL2F7YPDrwAs0Z4t9jewtAzMLTtVmA9nGg6zI",
      "expire_date": "2023-03-01T21:47:35.815Z"
    }
  },
  {
    "model": "sessions.session",
    "pk": "n9g9xsaj7ywquv2fei9kgiv2dcuua8dg",
    "fields": {
      "session_data": ".eJxVjEEKwyAQRe8y6yJqjdEsu-8ZZEbHJq0YSCIUSu_eBrLJ9r_3_gcqv7fQlgJDbaVcIGDbxtBWXsKUYAAFp40wvrjuID2xPmYR57otE4ldEQddxX1OXG6HezoYcR3_tU4xWuqViVd03ueskiPZmeSvbJ1VEtHlzlvOFCWR0c70BqXsVdY-s4bvDwuJPd4:1pW2R9:KR4polRovgx-3i4BKymItqKQNgZgdErxhkR0PFdFH3w",
      "expire_date": "2023-03-11T21:50:35.774Z"
    }
  },
  {
    "model": "sessions.session",
    "pk": "p2e6i2r1xt30wb8cctkqga04dzpsqk9m",
    "fields": {
      "session_data": ".eJxVjMsKgzAQRf8l6xLyMCZ22X2_IUwyM9U2RFADhdJ_bwU3bu85535EpfcW21LEtbZSLiJC28bYVlrihOIqjBGnMUF-Ud0JPqE-Zpnnui1TkrsiD7rK-4xUbod7OhhhHf91toG150TWsbEc0KKFPnmvQbHSmEMXglaUejV04PzgnGfrtQnIgOTE9wcuyj3n:1pSQGd:HdrEMz4t_DpvhCh1JxbbhCQIU0Jodx5cPHITrIvpv3c",
      "expire_date": "2023-03-01T22:28:47.882Z"
    }
  },
  {
    "model": "sessions.session",
    "pk": "pag7fd1fgmwm5w52ux7vlmupgd91xnx1",
    "fields": {
      "session_data": ".eJxVjMsKgzAQRf8l6xLyMCZ22X2_IUwyM9U2RFADhdJ_bwU3bu85535EpfcW21LEtbZSLiJC28bYVlrihOIqjBGnMUF-Ud0JPqE-Zpnnui1TkrsiD7rK-4xUbod7OhhhHf91toG150TWsbEc0KKFPnmvQbHSmEMXglaUejV04PzgnGfrtQnIgOTE9wcuyj3n:1pSQda:vOhPQgt1Q9IxpRksMMjpWypvDotNof9wmDupWYSl1iA",
      "expire_date": "2023-03-01T22:52:30.348Z"
    }
  },
  {
    "model": "sessions.session",
    "pk": "s9pydw5buozm33v4v57lbnjhoo77drvc",
    "fields": {
      "session_data": ".eJxVjMsOwiAQRf-FtSFAKQ-X7v0GMjMMUjU0Ke3K-O_apAvd3nPOfYkE21rT1nlJUxZnocXpd0OgB7cd5Du02yxpbusyodwVedAur3Pm5-Vw_w4q9PqtTSZy6LWlAUKMpegcUI02x4FdcFoBhDJGxwVJIVoTrLeglNfFxMJGvD_xLTgI:1pSElR:IcBR89VxPhNV1OLTHRjqctzOiStzxcXU4iUNfPiixtI",
      "expire_date": "2023-03-01T10:11:49.543Z"
    }
  },
  {
    "model": "sessions.session",
    "pk": "uawwb244yh9ej050zfq619pqmicch95d",
    "fields": {
      "session_data": ".eJxVjMsOwiAQRf-FtSFAKQ-X7v0GMjMMUjU0Ke3K-O_apAvd3nPOfYkE21rT1nlJUxZnocXpd0OgB7cd5Du02yxpbusyodwVedAur3Pm5-Vw_w4q9PqtTSZy6LWlAUKMpegcUI02x4FdcFoBhDJGxwVJIVoTrLeglNfFxMJGvD_xLTgI:1pSQYF:9UsH54FlHXyIhgJ02m69MWUcHbRZ1h75NoZOmZ-Pzho",
      "expire_date": "2023-03-01T22:46:59.229Z"
    }
  },
  {
    "model": "taggit.tag",
    "pk": 76,
    "fields": {
      "name": "piano",
      "slug": "piano"
    }
  },
  {
    "model": "taggit.tag",
    "pk": 77,
    "fields": {
      "name": "creativity",
      "slug": "creativity"
    }
  },
  {
    "model": "taggit.tag",
    "pk": 78,
    "fields": {
      "name": "music",
      "slug": "music"
    }
  },
  {
    "model": "taggit.tag",
    "pk": 79,
    "fields": {
      "name": "composition",
      "slug": "composition"
    }
  },
  {
    "model": "taggit.tag",
    "pk": 80,
    "fields": {
      "name": "jazz",
      "slug": "jazz"
    }
  },
  {
    "model": "taggit.tag",
    "pk": 81,
    "fields": {
      "name": "python",
      "slug": "python"
    }
  },
  {
    "model": "taggit.tag",
    "pk": 82,
    "fields": {
      "name": "django",
      "slug": "django"
    }
  },
  {
    "model": "taggit.tag",
    "pk": 83,
    "fields": {
      "name": "web-framework",
      "slug": "web-framework"
    }
  },
  {
    "model": "taggit.tag",
    "pk": 84,
    "fields": {
      "name": "web-development",
      "slug": "web-development"
    }
  },
  {
    "model": "taggit.tag",
    "pk": 85,
    "fields": {
      "name": "photography",
      "slug": "photography"
    }
  },
  {
    "model": "taggit.tag",
    "pk": 86,
    "fields": {
      "name": "architechture",
      "slug": "architechture"
    }
  },
  {
    "model": "taggit.tag",
    "pk": 87,
    "fields": {
      "name": "photographic composition",
      "slug": "photographic-composition"
    }
  },
  {
    "model": "taggit.tag",
    "pk": 88,
    "fields": {
      "name": "backend",
      "slug": "backend"
    }
  },
  {
    "model": "taggit.tag",
    "pk": 89,
    "fields": {
      "name": "landscape",
      "slug": "landscape"
    }
  },
  {
    "model": "taggit.tag",
    "pk": 90,
    "fields": {
      "name": "painting",
      "slug": "painting"
    }
  },
  {
    "model": "taggit.tag",
    "pk": 91,
    "fields": {
      "name": "digital-painting",
      "slug": "digital-painting"
    }
  },
  {
    "model": "taggit.tag",
    "pk": 92,
    "fields": {
      "name": "seascape",
      "slug": "seascape"
    }
  },
  {
    "model": "taggit.tag",
    "pk": 93,
    "fields": {
      "name": "personal-development",
      "slug": "personal-development"
    }
  },
  {
    "model": "taggit.tag",
    "pk": 94,
    "fields": {
      "name": "self-development",
      "slug": "self-development"
    }
  },
  {
    "model": "taggit.tag",
    "pk": 95,
    "fields": {
      "name": "business",
      "slug": "business"
    }
  },
  {
    "model": "taggit.tag",
    "pk": 96,
    "fields": {
      "name": "marketing",
      "slug": "marketing"
    }
  },
  {
    "model": "taggit.tag",
    "pk": 97,
    "fields": {
      "name": "branding",
      "slug": "branding"
    }
  },
  {
    "model": "taggit.tag",
    "pk": 98,
    "fields": {
      "name": "self-care",
      "slug": "self-care"
    }
  },
  {
    "model": "taggit.tag",
    "pk": 99,
    "fields": {
      "name": "self-esteem",
      "slug": "self-esteem"
    }
  },
  {
    "model": "taggit.tag",
    "pk": 100,
    "fields": {
      "name": "react",
      "slug": "react"
    }
  },
  {
    "model": "taggit.tag",
    "pk": 101,
    "fields": {
      "name": "front-end",
      "slug": "front-end"
    }
  },
  {
    "model": "taggit.tag",
    "pk": 102,
    "fields": {
      "name": "cloud",
      "slug": "cloud"
    }
  },
  {
    "model": "taggit.tag",
    "pk": 103,
    "fields": {
      "name": "google",
      "slug": "google"
    }
  },
  {
    "model": "taggit.tag",
    "pk": 104,
    "fields": {
      "name": "dev-ops",
      "slug": "dev-ops"
    }
  },
  {
    "model": "taggit.tag",
    "pk": 105,
    "fields": {
      "name": "brushwork",
      "slug": "brushwork"
    }
  },
  {
    "model": "taggit.tag",
    "pk": 106,
    "fields": {
      "name": "portrait",
      "slug": "portrait"
    }
  },
  {
    "model": "taggit.tag",
    "pk": 107,
    "fields": {
      "name": "concept",
      "slug": "concept"
    }
  },
  {
    "model": "taggit.tag",
    "pk": 108,
    "fields": {
      "name": "html",
      "slug": "html"
    }
  },
  {
    "model": "taggit.tag",
    "pk": 109,
    "fields": {
      "name": "css",
      "slug": "css"
    }
  },
  {
    "model": "taggit.tag",
    "pk": 110,
    "fields": {
      "name": "javascript",
      "slug": "javascript"
    }
  },
  {
    "model": "taggit.tag",
    "pk": 111,
    "fields": {
      "name": "Illustrator",
      "slug": "illustrator"
    }
  },
  {
    "model": "taggit.tag",
    "pk": 112,
    "fields": {
      "name": "Software-Engineer",
      "slug": "software-engineer"
    }
  },
  {
    "model": "taggit.tag",
    "pk": 113,
    "fields": {
      "name": "Developer",
      "slug": "developer"
    }
  },
  {
    "model": "taggit.tag",
    "pk": 114,
    "fields": {
      "name": "Podcaster",
      "slug": "podcaster"
    }
  },
  {
    "model": "taggit.tag",
    "pk": 115,
    "fields": {
      "name": "Marketer",
      "slug": "marketer"
    }
  },
  {
    "model": "taggit.tag",
    "pk": 116,
    "fields": {
      "name": "Digital-Artist",
      "slug": "digital-artist"
    }
  },
  {
    "model": "taggit.tag",
    "pk": 117,
    "fields": {
      "name": "Youtuber",
      "slug": "youtuber"
    }
  },
  {
    "model": "taggit.tag",
    "pk": 118,
    "fields": {
      "name": "Coder",
      "slug": "coder"
    }
  },
  {
    "model": "taggit.tag",
    "pk": 119,
    "fields": {
      "name": "Fullstack-Developer",
      "slug": "fullstack-developer"
    }
  },
  {
    "model": "taggit.tag",
    "pk": 120,
    "fields": {
      "name": "Author",
      "slug": "author"
    }
  },
  {
    "model": "taggit.tag",
    "pk": 121,
    "fields": {
      "name": "Artist",
      "slug": "artist"
    }
  },
  {
    "model": "taggit.tag",
    "pk": 122,
    "fields": {
      "name": "Composer",
      "slug": "composer"
    }
  },
  {
    "model": "taggit.tag",
    "pk": 123,
    "fields": {
      "name": "Photog",
      "slug": "photog"
    }
  },
  {
    "model": "taggit.tag",
    "pk": 124,
    "fields": {
      "name": "Pianist",
      "slug": "pianist"
    }
  },
  {
    "model": "taggit.taggeditem",
    "pk": 112,
    "fields": {
      "tag": 76,
      "content_type": 2,
      "object_id": 1
    }
  },
  {
    "model": "taggit.taggeditem",
    "pk": 113,
    "fields": {
      "tag": 77,
      "content_type": 2,
      "object_id": 1
    }
  },
  {
    "model": "taggit.taggeditem",
    "pk": 114,
    "fields": {
      "tag": 78,
      "content_type": 2,
      "object_id": 1
    }
  },
  {
    "model": "taggit.taggeditem",
    "pk": 115,
    "fields": {
      "tag": 79,
      "content_type": 2,
      "object_id": 1
    }
  },
  {
    "model": "taggit.taggeditem",
    "pk": 116,
    "fields": {
      "tag": 80,
      "content_type": 2,
      "object_id": 1
    }
  },
  {
    "model": "taggit.taggeditem",
    "pk": 117,
    "fields": {
      "tag": 81,
      "content_type": 2,
      "object_id": 2
    }
  },
  {
    "model": "taggit.taggeditem",
    "pk": 118,
    "fields": {
      "tag": 82,
      "content_type": 2,
      "object_id": 2
    }
  },
  {
    "model": "taggit.taggeditem",
    "pk": 119,
    "fields": {
      "tag": 83,
      "content_type": 2,
      "object_id": 2
    }
  },
  {
    "model": "taggit.taggeditem",
    "pk": 120,
    "fields": {
      "tag": 84,
      "content_type": 2,
      "object_id": 2
    }
  },
  {
    "model": "taggit.taggeditem",
    "pk": 121,
    "fields": {
      "tag": 85,
      "content_type": 2,
      "object_id": 3
    }
  },
  {
    "model": "taggit.taggeditem",
    "pk": 122,
    "fields": {
      "tag": 86,
      "content_type": 2,
      "object_id": 3
    }
  },
  {
    "model": "taggit.taggeditem",
    "pk": 123,
    "fields": {
      "tag": 87,
      "content_type": 2,
      "object_id": 3
    }
  },
  {
    "model": "taggit.taggeditem",
    "pk": 124,
    "fields": {
      "tag": 88,
      "content_type": 2,
      "object_id": 4
    }
  },
  {
    "model": "taggit.taggeditem",
    "pk": 125,
    "fields": {
      "tag": 81,
      "content_type": 2,
      "object_id": 4
    }
  },
  {
    "model": "taggit.taggeditem",
    "pk": 126,
    "fields": {
      "tag": 82,
      "content_type": 2,
      "object_id": 4
    }
  },
  {
    "model": "taggit.taggeditem",
    "pk": 127,
    "fields": {
      "tag": 83,
      "content_type": 2,
      "object_id": 4
    }
  },
  {
    "model": "taggit.taggeditem",
    "pk": 128,
    "fields": {
      "tag": 89,
      "content_type": 2,
      "object_id": 5
    }
  },
  {
    "model": "taggit.taggeditem",
    "pk": 129,
    "fields": {
      "tag": 90,
      "content_type": 2,
      "object_id": 5
    }
  },
  {
    "model": "taggit.taggeditem",
    "pk": 130,
    "fields": {
      "tag": 91,
      "content_type": 2,
      "object_id": 5
    }
  },
  {
    "model": "taggit.taggeditem",
    "pk": 131,
    "fields": {
      "tag": 92,
      "content_type": 2,
      "object_id": 5
    }
  },
  {
    "model": "taggit.taggeditem",
    "pk": 132,
    "fields": {
      "tag": 77,
      "content_type": 2,
      "object_id": 6
    }
  },
  {
    "model": "taggit.taggeditem",
    "pk": 133,
    "fields": {
      "tag": 93,
      "content_type": 2,
      "object_id": 6
    }
  },
  {
    "model": "taggit.taggeditem",
    "pk": 134,
    "fields": {
      "tag": 94,
      "content_type": 2,
      "object_id": 6
    }
  },
  {
    "model": "taggit.taggeditem",
    "pk": 135,
    "fields": {
      "tag": 96,
      "content_type": 2,
      "object_id": 7
    }
  },
  {
    "model": "taggit.taggeditem",
    "pk": 136,
    "fields": {
      "tag": 97,
      "content_type": 2,
      "object_id": 7
    }
  },
  {
    "model": "taggit.taggeditem",
    "pk": 137,
    "fields": {
      "tag": 95,
      "content_type": 2,
      "object_id": 7
    }
  },
  {
    "model": "taggit.taggeditem",
    "pk": 138,
    "fields": {
      "tag": 98,
      "content_type": 2,
      "object_id": 8
    }
  },
  {
    "model": "taggit.taggeditem",
    "pk": 139,
    "fields": {
      "tag": 99,
      "content_type": 2,
      "object_id": 8
    }
  },
  {
    "model": "taggit.taggeditem",
    "pk": 140,
    "fields": {
      "tag": 94,
      "content_type": 2,
      "object_id": 8
    }
  },
  {
    "model": "taggit.taggeditem",
    "pk": 141,
    "fields": {
      "tag": 100,
      "content_type": 2,
      "object_id": 9
    }
  },
  {
    "model": "taggit.taggeditem",
    "pk": 142,
    "fields": {
      "tag": 101,
      "content_type": 2,
      "object_id": 9
    }
  },
  {
    "model": "taggit.taggeditem",
    "pk": 143,
    "fields": {
      "tag": 84,
      "content_type": 2,
      "object_id": 9
    }
  },
  {
    "model": "taggit.taggeditem",
    "pk": 144,
    "fields": {
      "tag": 104,
      "content_type": 2,
      "object_id": 10
    }
  },
  {
    "model": "taggit.taggeditem",
    "pk": 145,
    "fields": {
      "tag": 102,
      "content_type": 2,
      "object_id": 10
    }
  },
  {
    "model": "taggit.taggeditem",
    "pk": 146,
    "fields": {
      "tag": 103,
      "content_type": 2,
      "object_id": 10
    }
  },
  {
    "model": "taggit.taggeditem",
    "pk": 147,
    "fields": {
      "tag": 89,
      "content_type": 2,
      "object_id": 22
    }
  },
  {
    "model": "taggit.taggeditem",
    "pk": 148,
    "fields": {
      "tag": 90,
      "content_type": 2,
      "object_id": 22
    }
  },
  {
    "model": "taggit.taggeditem",
    "pk": 149,
    "fields": {
      "tag": 91,
      "content_type": 2,
      "object_id": 22
    }
  },
  {
    "model": "taggit.taggeditem",
    "pk": 150,
    "fields": {
      "tag": 92,
      "content_type": 2,
      "object_id": 22
    }
  },
  {
    "model": "taggit.taggeditem",
    "pk": 151,
    "fields": {
      "tag": 105,
      "content_type": 2,
      "object_id": 14
    }
  },
  {
    "model": "taggit.taggeditem",
    "pk": 152,
    "fields": {
      "tag": 90,
      "content_type": 2,
      "object_id": 14
    }
  },
  {
    "model": "taggit.taggeditem",
    "pk": 153,
    "fields": {
      "tag": 91,
      "content_type": 2,
      "object_id": 14
    }
  },
  {
    "model": "taggit.taggeditem",
    "pk": 154,
    "fields": {
      "tag": 106,
      "content_type": 2,
      "object_id": 14
    }
  },
  {
    "model": "taggit.taggeditem",
    "pk": 155,
    "fields": {
      "tag": 91,
      "content_type": 2,
      "object_id": 13
    }
  },
  {
    "model": "taggit.taggeditem",
    "pk": 156,
    "fields": {
      "tag": 90,
      "content_type": 2,
      "object_id": 13
    }
  },
  {
    "model": "taggit.taggeditem",
    "pk": 157,
    "fields": {
      "tag": 107,
      "content_type": 2,
      "object_id": 13
    }
  },
  {
    "model": "taggit.taggeditem",
    "pk": 158,
    "fields": {
      "tag": 77,
      "content_type": 2,
      "object_id": 13
    }
  },
  {
    "model": "taggit.taggeditem",
    "pk": 159,
    "fields": {
      "tag": 108,
      "content_type": 2,
      "object_id": 12
    }
  },
  {
    "model": "taggit.taggeditem",
    "pk": 160,
    "fields": {
      "tag": 109,
      "content_type": 2,
      "object_id": 12
    }
  },
  {
    "model": "taggit.taggeditem",
    "pk": 161,
    "fields": {
      "tag": 110,
      "content_type": 2,
      "object_id": 12
    }
  },
  {
    "model": "taggit.taggeditem",
    "pk": 162,
    "fields": {
      "tag": 84,
      "content_type": 2,
      "object_id": 12
    }
  },
  {
    "model": "taggit.taggeditem",
    "pk": 163,
    "fields": {
      "tag": 84,
      "content_type": 2,
      "object_id": 11
    }
  },
  {
    "model": "taggit.taggeditem",
    "pk": 164,
    "fields": {
      "tag": 110,
      "content_type": 2,
      "object_id": 11
    }
  },
  {
    "model": "taggit.taggeditem",
    "pk": 165,
    "fields": {
      "tag": 111,
      "content_type": 8,
      "object_id": 14
    }
  },
  {
    "model": "taggit.taggeditem",
    "pk": 166,
    "fields": {
      "tag": 112,
      "content_type": 8,
      "object_id": 13
    }
  },
  {
    "model": "taggit.taggeditem",
    "pk": 167,
    "fields": {
      "tag": 112,
      "content_type": 8,
      "object_id": 12
    }
  },
  {
    "model": "taggit.taggeditem",
    "pk": 168,
    "fields": {
      "tag": 113,
      "content_type": 8,
      "object_id": 12
    }
  },
  {
    "model": "taggit.taggeditem",
    "pk": 169,
    "fields": {
      "tag": 114,
      "content_type": 8,
      "object_id": 11
    }
  },
  {
    "model": "taggit.taggeditem",
    "pk": 170,
    "fields": {
      "tag": 115,
      "content_type": 8,
      "object_id": 11
    }
  },
  {
    "model": "taggit.taggeditem",
    "pk": 171,
    "fields": {
      "tag": 116,
      "content_type": 8,
      "object_id": 10
    }
  },
  {
    "model": "taggit.taggeditem",
    "pk": 172,
    "fields": {
      "tag": 111,
      "content_type": 8,
      "object_id": 10
    }
  },
  {
    "model": "taggit.taggeditem",
    "pk": 173,
    "fields": {
      "tag": 113,
      "content_type": 8,
      "object_id": 9
    }
  },
  {
    "model": "taggit.taggeditem",
    "pk": 174,
    "fields": {
      "tag": 117,
      "content_type": 8,
      "object_id": 9
    }
  },
  {
    "model": "taggit.taggeditem",
    "pk": 175,
    "fields": {
      "tag": 118,
      "content_type": 8,
      "object_id": 7
    }
  },
  {
    "model": "taggit.taggeditem",
    "pk": 176,
    "fields": {
      "tag": 119,
      "content_type": 8,
      "object_id": 7
    }
  },
  {
    "model": "taggit.taggeditem",
    "pk": 177,
    "fields": {
      "tag": 117,
      "content_type": 8,
      "object_id": 8
    }
  },
  {
    "model": "taggit.taggeditem",
    "pk": 178,
    "fields": {
      "tag": 118,
      "content_type": 8,
      "object_id": 8
    }
  },
  {
    "model": "taggit.taggeditem",
    "pk": 179,
    "fields": {
      "tag": 120,
      "content_type": 8,
      "object_id": 6
    }
  },
  {
    "model": "taggit.taggeditem",
    "pk": 180,
    "fields": {
      "tag": 114,
      "content_type": 8,
      "object_id": 6
    }
  },
  {
    "model": "taggit.taggeditem",
    "pk": 181,
    "fields": {
      "tag": 120,
      "content_type": 8,
      "object_id": 5
    }
  },
  {
    "model": "taggit.taggeditem",
    "pk": 182,
    "fields": {
      "tag": 114,
      "content_type": 8,
      "object_id": 5
    }
  },
  {
    "model": "taggit.taggeditem",
    "pk": 183,
    "fields": {
      "tag": 121,
      "content_type": 8,
      "object_id": 4
    }
  },
  {
    "model": "taggit.taggeditem",
    "pk": 184,
    "fields": {
      "tag": 122,
      "content_type": 8,
      "object_id": 4
    }
  },
  {
    "model": "taggit.taggeditem",
    "pk": 185,
    "fields": {
      "tag": 121,
      "content_type": 8,
      "object_id": 3
    }
  },
  {
    "model": "taggit.taggeditem",
    "pk": 186,
    "fields": {
      "tag": 123,
      "content_type": 8,
      "object_id": 3
    }
  },
  {
    "model": "taggit.taggeditem",
    "pk": 187,
    "fields": {
      "tag": 117,
      "content_type": 8,
      "object_id": 2
    }
  },
  {
    "model": "taggit.taggeditem",
    "pk": 188,
    "fields": {
      "tag": 111,
      "content_type": 8,
      "object_id": 2
    }
  },
  {
    "model": "taggit.taggeditem",
    "pk": 189,
    "fields": {
      "tag": 122,
      "content_type": 8,
      "object_id": 1
    }
  },
  {
    "model": "taggit.taggeditem",
    "pk": 190,
    "fields": {
      "tag": 124,
      "content_type": 8,
      "object_id": 1
    }
  },
  {
    "model": "taggit.taggeditem",
    "pk": 191,
    "fields": {
      "tag": 84,
      "content_type": 2,
      "object_id": 4
    }
  }
]
